;Русский;English;中文;Deutsch;Español;Français;Italiano;Polski
;contracts_text;contracts_text;contracts_text;contracts_text;;;;contract_text
;con_1;con_1;con_1;con_1;;;;con_1
1;Незадачливый крестьянин;Hapless Peasant;倒霉农民;Der glücklose Bauer;;;;Nieszczęśliwy Wieśniak
2;Имя %hostage_name% тебе о чём-то говорит? Впрочем, неважно. Важно то, что пару дней назад этот остолоп умудрился угодить в лапы разбойников. Сейчас они держат его где-то в застенках места под названием %dungeon_name% и ждут выкупа.#Мы могли бы собрать выкуп... но с таким сбродом нужно разговаривать на их же языке. Тебе нужно вызволить пленника и заодно оставить понятное послание – например, вспороть брюхо их главарю. Справишься?;Does the name "%hostage_name%" mean anything to you? Well, doesn't really matter. What matters is that this bonehead managed to get into the clutches of bandits a few days ago. They are holding him somewhere inside %dungeon_name% for ransom.#We could collect the money... But these vermin only understand the language of force. I need you to rescue him and leave a message they will understand. Cutting their leader open should work just fine. Will you do it?;你听说过“%hostage_name%”这个名字吗？没听说过就没听说过吧。这个蠢货厉害的很，前两天落到了一帮土匪手上，被他们绑进了%dungeon_name%。#赎人的钱我们不是筹不到……只是这群人渣听不懂人话，只有动手才能明白。我想让你去把他救出来，顺便教训教训他们动动手。我觉得他们老大要是开肠破肚了，这些人应该就明白了吧。这活儿你干吗？;Sagt dir der Name "%hostage_name%" etwas? Nun, das ist nicht wirklich wichtig. Wichtig ist, dass dieser Dummkopf es vor einigen Tagen geschafft hat, in die Fänge von Banditen zu gelangen. Sie halten ihn irgendwo am Ort %dungeon_name% gegen Lösegeld fest.#Wir könnten das Geld zwar sammeln... Aber dieses Ungeziefer versteht nur die Sprache der Gewalt. Du musst ihn retten und eine Nachricht überbringen, die sie verstehen werden. Ihren Anführer aufzuschlitzen, sollte sehr gut funktionieren. Wirst du es tun?;;;;Czy imię "%hostage_name%" coś ci mówi? To w sumie nie istotne. Co faktycznie istotne to to, że te tępak wpadł w sidła bandytów kilka dni temu. Trzymają go gdzieś w miejscu, gdzie znajduje się %dungeon_name%. Pewnie dla okupu.#Moglibyśmy zebrać pieniądze, by zapłacić, ale te brutale znają jedynie język siły. Potrzebujemy właśnie ciebie, by wydostać go z niewoli. Tym bandytom trzeba zostawić coś, co zrozumieją. Myślę, że rozprute flaki ich lidera będą idealnym ostrzeżeniem dla innych. Zrobisz to dla nas?
3;Старейшина %village_name% попросил меня найти %dungeon_name% и вызволить крестьянина, угодившего в плен к разбойникам. Убийство главаря также входит в контракт. ;The elder of %village_name% asked me to find %dungeon_name% and rescue the peasant, who is being held ransom. Disposing of the bandit leader is also a part of the contract.;土匪把农民绑到了%dungeon_name%，%village_name%的村长让我去把他救出来。另外，我还要干掉土匪头子。;Der Älteste von %village_name% bat mich, den Ort %dungeon_name% zu finden und den Bauern zu retten, der dort festgehalten wird. Die Entsorgung des Banditenanführers ist ebenfalls Teil des Auftrages.;;;;%village_name% ma zlecenie. Wydał je starszy lokalnej społeczności. Mam odnaleźć %dungeon_name% i uratować przetrzymywanego dla okupu wieśniaka. Pozbycie się lidera bandytów również jest częścią kontraktu.
4;Отправиться в %dungeon_name%;Head to %dungeon_name%;前往%dungeon_name%;Begib dich nach: %dungeon_name%;;;;%dungeon_name% to miejsce poszukiwań.
5;Убить главаря разбойников;Kill the Brigand Leader;杀死土匪头目;Töte den Anführer der Banditen.;;;;Zabij lidera Bandytów.
6;Спасти крестьянина;Rescue the Peasant;救出农民;Rette den Bauern;;;;Uratuj Wieśniaka.
7;Вернуться за наградой;Claim the Reward;领取奖赏;Hole dir die Belohnung;;;;Odbierz nagrodę.
;con_2;con_2;con_2;con_2;;;;con_2
1;Схваченный купец;Captured Merchant;生意人被劫;Der entführte Händler;;;;Schwytany Handlarz
2;Плохие новости. Недавно наш купец, %hostage_name%, отправился в город за товаром и угодил в разбойничью засаду по пути. К счастью, он остался в живых, но угодил в плен. За его жизнь затребовали такой выкуп, что нам его ни в жизнь не собрать.#Мне нужен кто-то, кто сможет пробраться в %dungeon_name% и раз и навсегда дать понять, что никаких переговоров с висельниками мы не ведём. Освободи купца, убей их вожака - а за наградой дело не встанет.;Bad news. Not so long ago our merchant, %hostage_name%, went to town for some goods, but was ambushed by brigands on his way there. Fortunately, he survived, but now they hold him ransom. And we just don't have that kind of money they are asking for his return.#I need someone to get into %dungeon_name% and make it loud and clear for everyone, that we don't negotiate with outlaws. Free the merchant, kill their leader, and I will make sure you are properly compensated.;坏消息：我们有个卖东西的，叫%hostage_name%，前几天去镇上拿货，半路遇上了打劫的土匪。算他命大，人没死，不过成了土匪的人质。他们价钱开得太高，我们实在没有那么多钱。#我想找人去一趟%dungeon_name%，明明白白地告诉他们，我们跟违法之徒没什么好谈的。救出人质，干掉土匪头子，我保准不会亏待你。;Schlechte Nachrichten. Vor nicht allzu langer Zeit zog unser Händler %hostage_name% los, um Waren zu erwerben, aber auf dem Weg dorthin wurde er von Banditen überfallen. Zum Glück hat er überlebt, aber jetzt halten sie ihn als Geisel fest. Und wir haben einfach nicht das Geld, das sie für seine Freilassung verlangen.#Ich brauche jemanden, der zum Ort %dungeon_name% reist und für alle dort klar und deutlich macht, dass wir nicht mit Gesetzlosen verhandeln. Befreie den Händler, töte den Anführer, und ich werde dafür sorgen, dass du angemessen entschädigt wirst.;;;;Złe wieści. Nie tak dawno handlarz imieniem %hostage_name% udał się do miasta po różne dobra, ale został zaatakowany przez zbirów w trakcie podróży. Na szczęście, przeżył. Jednak teraz bandyci trzymają go dla okupu. Niestety nie mamy tylu pieniędzy, by móc go opłacić.#Potrzebuję kogoś kto ustali gdzie leży %dungeon_name% i uroczyście oświadczy wszystkim bandytom, że z nimi nie negocjujemy. Uwolnij handlarza, zabij lidera bandiorów, a ja zadbam o twoją sowitą nagrodę.
3;Старейшина %village_name% попросил меня найти %dungeon_name% и вызволить купца, угодившего в плен к разбойникам. Убийство главаря также входит в контракт. ;The elder of %village_name% asked me to find %dungeon_name% and rescue the merchant, who was caught by the brigands. Disposing of the bandit leader is also a part of the contract.;土匪把生意人绑到了%dungeon_name%，%village_name%的村长让我去把他救出来。另外，我还要干掉土匪头子。;Der Älteste von %village_name% bat mich, %dungeon_name% zu finden und den Händler zu retten, der von den Banditen erwischt wurde. Die Entsorgung des Banditenführers ist ebenfalls Teil des Auftrags.;;;;%village_name% ogłasza, że szuka kogoś kto odnajdzie miejsce gdzie znajduje się %dungeon_name% i uratuje handlarza, którego porwali bandyci. Pozbycie się ich lidera jest również częścią zlecenia.
4;Отправиться в %dungeon_name%;Head to %dungeon_name%;前往%dungeon_name%;Begib dich nach: %dungeon_name%;;;;%dungeon_name% to miejsce poszukiwań.
5;Убить главаря разбойников;Kill the Brigand Leader;杀死土匪头目;Töte den Anführer der Banditen.;;;;Zabij lidera Bandytów.
6;Спасти купца;Rescue the Merchant;救出生意人;Befreie den Händler;;;;Uratuj Handlarza.
7;Вернуться за наградой;Claim the Reward;领取奖赏;Hole dir deine Belohnung;;;;Odbierz nagrodę.
;con_3;con_3;con_3;con_3;;;;con_3
1;Пленённый посланник;Captive Emissary;营救使者;Der gefangene Gesandte;;;;Emisariusz w niewoli
2;У меня для тебя есть особое дело. На днях магистратский посланник, приставленный к нашей деревне, отправился с донесениями обратно в Бринн.#По пути его перехватили разбойники. С охраной они расправились на месте, а самого посланника удерживают где-то в подвалах места под названием %dungeon_name%.#Сказать по правде, я этому даже рад. Посол человек прескверный, а пользы от него ни на грош. Но Магистрат наш давнишний покровитель, так что негоже портить с ним отношения.#Если с головы посланника упадёт хоть один волос, своей головой поплачусь уже я. Поэтому за этот контракт я плачу двойную награду – только вызволи его да удостоверься, что ответственный за засаду мертв.;I have a special mission for your. A few days ago, the emissary from the Magistrate, who had been assigned to our village, headed to Brynn to deliver his report.#He was intercepted by bandits on his way there.They killed the guards on the spot and took the emissary to %dungeon_name%.#To tell you the truth, I'm not exactly saddened by this. The emissary is a prick, a completely useless one to boot. But the Magistrate has been our benefactor in these uncertain times, and it wouldn't be wise to undermine our relations with them.#If one hair upon their emissary head gets harmed, it's my head which will roll. That's why I'm paying double. Just make sure he is safe, and that whoever is responsible for his abduction is dead.;我有件特殊的事情，想请你帮忙。几天前，城市联盟派到我们村的大使，准备去布林汇报。#结果呢，他在去的路上遇见了一帮土匪。几个护卫当场牺牲，他被掳到了%dungeon_name%。#实话跟你说，这个大使根本不是个东西，彻头彻底的草包。他就算死了，我也无所谓。不过城市联盟这些年对我们很好，要是因为他，影响了我们之间的关系，我觉得不太合适。#这位大使哪怕就是掉了一根汗毛，我脑袋估计都得落地。所以说呢，这活儿我开双倍的赏金。千万要保证他安然无恙，另外绑架他的人不能继续活着。;Ich habe eine besondere Mission für dich. Vor einigen Tagen begab sich der Gesandte des Magistrats, der unserem Dorf zugeteilt worden war, nach Brynn, um seinen Bericht zu überbringen.#Er wurde auf dem Weg dorthin von Banditen abgefangen. Sie töteten die Wachen an Ort und Stelle und brachten den Gesandten zum Ort %dungeon_name%.#Um die Wahrheit zu sagen, bin ich nicht gerade traurig darüber. Der Gesandte ist ein Mistkerl, ein völlig nutzloser obendrein. Aber der Magistrat ist in diesen unsicheren Zeiten unser Wohltäter gewesen, und es wäre nicht klug, unsere Beziehungen zu ihm zu untergraben.#Wenn ihrem Gesandten auch nur ein Haar gekrümmt wird, dann wird mein Kopf rollen. Deshalb zahle ich das Doppelte. Sorge einfach dafür, dass er in Sicherheit ist und dass derjenige, der für seine Entführung verantwortlich ist, tot ist.;;;;Mam dla ciebie misję specjalną. Kilka dni temu emisariusz Magistratu, którego przydzielono do naszej osady, udał się do Brynn, by dostarczyć raport.#Został schwytany przez bandytów będąc już w drodze. Zabili strażników na miejscu i zabrali emisariusza do swojej kryjówki, ponoć to miejsce to %dungeon_name%.#Szczerze móiąc, nie jestem tym zasmucony. Emisariusz to stary śmieć, kompletnie bezużyteczny but. Jednak Magistrat jest naszym darczyńcą, w tych niepewnych czasach, a byłoby wielce niewskazane podkopywać nasze relacje z nimi.#Jeżeli emisariuszowi spadnie włos z głowy, moja potoczy się po podłodze. Dlatego płacę podwójnie. Dopilnuj, by nic mu się nie stało, a każdy kto odpowiada za te porwanie będzie martwy.
3;Старейшина %village_name% попросил меня найти %dungeon_name% и вызволить эмиссара, угодившего в плен к разбойникам. Убийство главаря также входит в контракт. ;The elder of %village_name% asked me to find %dungeon_name% and rescue the emissary, who was caught by the brigands. Disposing of the bandit leader is also a part of the contract.;土匪把大使绑到了%dungeon_name%，%village_name%的村长让我去把他救出来。另外，我还要干掉土匪头子。;Der Älteste von %village_name% bat mich, %dungeon_name% zu finden und den von den Räubern gefangenen Abgesandten zu retten. Die Entsorgung des Banditenführers ist ebenfalls Teil des Auftrags.;;;;%village_name% ogłasza zlecenie na odnalezienie miejsca zwanego %dungeon_name% i uratowanie emisariusza schwytanego przez bandytów. Likwidacja lidera jest również częścią kontraktu.
4;Отправиться в %dungeon_name%;Head to %dungeon_name%;前往%dungeon_name%;Begib dich nach: %dungeon_name%;;;;%dungeon_name% to miejsce poszukiwań.
5;Убить главаря разбойников;Kill the Brigand Leader;杀死土匪头目;Töte den Anführer der Banditen.;;;;Zabij lidera Bandytów.
6;Спасти эмиссара;Rescue the Emissary;救出大使;Befreie den Gesandten;;;;Uratuj Emisariusza.
7;Вернуться за наградой;Claim the Reward;领取奖赏;Hole dir deine Belohnung;;;;Odbierz nagrodę.
;con_4;con_4;con_4;con_4;;;;con_4
1;Возвращение чернокнижника;Return of the Necromancer;死灵法师还魂;Die Rückkehr des Nekromanten;;;;Powrót Nekromanty
2;Неподалёку от нас есть одно место – местные называют его %dungeon_name%. Ходят слухи, будто когда-то давно там похоронили одного чернокнижника по имени %boss_name%. Он так и не обрёл покой: вновь и вновь он возвращался к жизни, каждый раз – в новом обличье. #Десять лет назад мы уже имели с ним дело – это было тяжёлое время... Боюсь, он снова вернулся: недавно возле склепа вновь видели нежить. Ох, не к добру всё это: нам нужно поспешить, пока он не натворил новых бед.#Я слыхал, будто где-то в склепе спрятан некий колдовской талисман – он и воскрешает колдуна раз за разом. Я готов щедро тебе заплатить, если ты отыщешь амулет и навсегда избавишь нас от чернокнижника. Что скажешь?;There is a place nearby, locals call it %dungeon_name%. I heard that's where a dark mage, %boss_name%, had been buried long ago. However, he never found his peace. He just kept on coming back to life, each time in a new body.#Ten years ago we already had to deal with him, these were tough times... But I fear he has returned once more - some lads spotted the undead lurking around the crypt. This doesn't bode well, we have to deal with him before he has a chance to start causing trouble.#I also heard that there is a magic amulet hidden somewhere in the crypt, the very thing which resurrects him. I'm ready to pay a handsome reward if you find that amulet and get rid us of the necromancer once and for all. What do you say? ;这附近有个地方，我们都叫它“%dungeon_name%”，我听说那儿很早之前埋了一个叫%boss_name%的黑暗法师。这个法师死了之后，还不安分，总想借尸还魂，每次都会借一具肉体。#十年前，我们跟他交过一次手，战况惨烈……有几个小子最近看到不死族在他墓穴周围游荡，怕是他又活了。我们得尽早把他解决了，不然他又不知道会生出什么祸端。#那个墓穴里面听说藏着一块魔法护符，他还魂靠的就是那个。你要是能找到护符，然后帮我们彻底除掉这个死灵法师，我就给你一大笔赏金，你看怎么样？;Es gibt einen Ort in der Nähe, die Einheimischen nennen ihn %dungeon_name%. Ich habe gehört, dass dort vor langer Zeit ein dunkler Magier, %boss_name%, bestattet wurde. Er hat jedoch nie seinen Frieden gefunden. Er kehrte einfach immer wieder ins Leben zurück, jedes Mal in einem neuen Körper.#Vor zehn Jahren mussten wir schon einmal mit ihm fertig werden, und das waren keine leichten Zeiten... Aber ich fürchte, er ist wieder zurückgekehrt - einige Jungs haben die Untoten entdeckt, die in der Umgebung herum wandeln. Das verheißt nichts Gutes. Wir müssen ihm das Handwerk legen, bevor er die Chance hat, wirklich Ärger zu machen.#Ich habe auch gehört, dass irgendwo in der Gruft ein magisches Amulett versteckt ist, das ihn wieder zum Leben erweckte. Ich bin bereit, eine hübsche Belohnung zu zahlen, wenn du dieses Amulett findest und uns ein für allemal vom Nekromanten befreist. Was sagst du dazu? ;;;;W okolicy znajduje się miejsce znane jako %dungeon_name%. Słyszałem, źe właśnie tam potężny czarny mag %boss_name% został pochowany wiele lat temu. Jednak, nigdy nie zaznał spokoju. Wciąż wracał do żywych, za każdym razem w nowym ciele.#Dziesięć lat temu już uporaliśmy się z nim, były to ciężkie czasy... Jednak obawiam się, że powrócił ponownie - kilku ludzi dojrzało nieumarłego człapiącego wokół krypty. To nie wróży dobrze, musimy się go pozbyć nim zacznie sprawiać większe problemy.#Również słyszałem, że gdzieś w krypcie ukryto magiczny amulet, coś co sprawia, że właśnie on go wskrzesza. Jestem gotów zapłacić dużą nagrodę jeżeli dasz radę zdobyć ten amulet i pozbyć się nekromanty raz na zawsze. Co na to powiesz?
3;Бессмертный некромант донимает жителей %village_name%. Старейшина попросил меня отправиться в %dungeon_name%, в очередной раз убить его и найти талисман, возвращающий его к жизни.;The immortal necromancer pesters %village_name% and its people. The elder asked me to head to %dungeon_name%, kill him once again, and discover the talisman, which keeps on bringing him back to life.;死灵法师频频还魂，%village_name%不堪其苦。村长让我前往%dungeon_name%，再次杀死法师，并且找到复活法师的魔法护符。;Der unsterbliche Nekromant belästigt %village_name% und seine Bewohner. Der Älteste bat mich, einen Ort mit dem Namen %dungeon_name% aufzusuchen, ihn noch einmal zu töten und den Talisman zu finden, der ihn immer wieder zum Leben erweckt.;;;;%village_name% i jego mieszkańcy ogłaszają duże zlecenie na pozbycie się nieśmiertelnego nekromanty. Starszy wioski prosi o odnalezienie miejsca, o którym wieśniacy mówią %dungeon_name%. Celem jest zdobycie ukrytego tam amuletu, który przywraca nekromantę do życia i oczywiści likwidacja jego samego.
4;Отправиться в %dungeon_name%;Head to %dungeon_name%;前往%dungeon_name%;Begib dich nach: %dungeon_name%;;;;%dungeon_name% to miejsce poszukiwań.
5;Убить некроманта;Kill the Necromancer;杀死死灵法师;Töte den Nekromanten;;;;Zabij nekromantę.
6;Принести филактерию;Recover the Phylactery;取出灵魂水晶;Hole das Phylakterium;;;;Odzyskaj Phylakterium.
7;Вернуть филактерию старейшине;Bring the Phylactery to the Elder;将灵魂水晶交给村长;Bringe das Phylakterium zurück zum Ältesten;;;;Zanieś dowód w postaci Phylakterium starszemu wioski.
;con_5;con_5;con_5;con_5;;;;con_5
1;Украденный фолиант;Stolen Grimoire;魔法书失窃;Gestohlenes Zauberbuch;;;;Skradziony Grimuar
2;Намедни из Магистрата пришёл контракт на голову еретика и чернокнижника по имени %boss_name%. Он украл некую книжку у какого-то бриннского вельможи – вот теперь и ведут за ним охоту.#Нам удалось узнать, что он скрывается неподалёку – в склепе под названием %dungeon_name%. Боязно нам: небось задумал чего лихого, так что тут медлить нельзя.#Коль предашь нечестивца смерти и вернёшь книгу, убьёшь сразу двух зайцев: и нам поможешь, и в Магистрате тебя запомнят.;Just the other day the Magistrate sent us a bounty on the head of %boss_name%, a heretic and a necromancer. Apparently he stole some book from a nobleman in Brynn - so now there's a manhunt.#We managed to find where he is hiding at - %dungeon_name%. Folks fear he must be plotting something nasty, so there is no time to waste.#If you put the villain to death and bring the book back, you'll kill two birds with one stone: help us out, and do the Magistrate a favor.;那天，城市联盟给我们发了通告，悬赏捉拿异教之徒、死灵法师%dungeon_name%。他好像偷了布林哪个贵族的书，所以现在到处都在抓他。#我们现在知道他藏在%dungeon_name%，大家伙都觉得他八成是想祸害我们，所以得赶紧把他解决了。#你要是能干掉这个恶人，再把书带回来，那就一举两得：既让我们免于一难，又帮了城市联盟的忙。;Erst neulich schickte uns der Magistrat ein Kopfgeldgesuch für den Kopf von %boss_name%, einem Ketzer und Nekromanten. Anscheinend hat er einem Adligen in Brynn ein Buch gestohlen - und jetzt wird nach ihm gesucht. Wir konnten sein Versteck am Ort %dungeon_name% finden. Die Leute befürchten, dass er etwas Böses plant, also haben wir keine Zeit zu verlieren.#Wenn du den Bösewicht tötest und das Buch zurückbringst, schlägst du zwei Fliegen mit einer Klappe: Hilf uns und tu dem Magistrat einen Gefallen.;;;;Zaledwie dzień po tym jak Magistrat wysłał zlecenie, by nekromanta i heretyk %boss_name% stracił głowę, zdaje się że ukradł on trochę książek od mieszczanina w Brynn. Trwa więc obława.#Ustaliliśmy gdzie się ukrywa. To miejsce nazywa się %dunegon_name%. Lokalni mówią, że musi planować coś obrzydliwego, więc nie ma czasu do stracenia.#Jeżeli położysz trupem złoczyńcę i odzyskasz księgę, upolujesz dwie pieczenie na jednym ogniu. Zrób przysługę nam i Magistratowi.
3;Старейшина %village_name% передал мне контракт: некий чернокнижник украл оккультный фолиант у одного магистратского вельможи. От меня требуется убить его и вернуть книгу старейшине, дабы тот мог отдать её законному владельцу.;The elder of %village_name% passed me the contract: some necromancer stole an occult grimoire from the Magistrate's nobleman. I need to kill him and bring the book back to the elder, so that he would send it back to its owner.;一个死灵法师偷了城市联盟某位贵族的玄秘魔法书，%village_name%的村长请我帮忙。我要干掉这个法师，然后将魔法书交给村长，他才能把书交还失主。;Der Älteste von %village_name% übergab mir einen Auftrag: Irgendein Nekromant stahl ein okkultes Zauberbuch von einem Adligen des Magistrats. Ich muss ihn töten und dem Ältesten das Buch zurückbringen, damit er es seinem Besitzer zurückschickt.;;;;%village_name% ma zlecenie wystawione przez starszego na dwa cele. Jakiś nekromanta ukradł okultystyczny grimuar od dostojnika Magistratu. Celem jest likwidacja heretyka oraz odzyskanie księgi, którą należy przekazać starszemu, by ten mógł zwrócić ją właścicielowi.
4;Отправиться в %dungeon_name%;Head to %dungeon_name%;前往%dungeon_name%;Begib dich nach: %dungeon_name%;;;;%dungeon_name% to miejsce poszukiwań.
5;Убить некроманта;Kill the Necromancer;杀死死灵法师;Töte den Nekromanten;;;;Zabij Nekromantę.
6;Найти гримуар;Find the Grimoire;找到魔法书;Finde das Zauberbuch;;;;Odnajdź Grimuar.
7;Вернуть гримуар старейшине;Bring the Grimoire to the Elder;将魔法书交给村长;Bringe das Zauberbuch zum Ältesten;;;;Zanieś Grimuar do starszego.
;con_6;con_6;con_6;con_6;;;;con_6
1;Утраченная реликвия;Lost Relic;圣髑失落;Verlorene Reliquie;;;;Utracona Relikwia
2;Не слыхал о склепе под названием %dungeon_name%? Там похоронена Святая Эбба, наша покровительница, да восславится её имя.#Когда в Осбрук приходят тяжёлые времена, мы идём на поклон к её саркофагу, где хранится чудотворная статуэтка...#Недавно вовнутрь проник какой-то нечестивец. Никак задумал осквернить это священное место. Боюсь даже представить, что за беды обрушатся на наши головы, если ему это удастся...#Прошу тебя: спустись в склеп, убей окаянца и верни нам нашу реликвию. Это дело праведное и за ценой мы не постоим: всей деревней соберём, кто что может.;Ever heard of %dungeon_name%? That's the final resting place of St. Ebba, our patron saint, praised be her name.#When hard times come to Osbrook, we make a pilgrimage to her sarcophagus, where a miraculous figurine is being stored...#Recently, some vile wretch found his way into the crypt. I believe he is there to defile the holy place. I can't even imagine what kinds of calamities will befall us if he succeeds...#I beg you: descend into the crypt, kill that villain and bring our relic back. It's a righteous deed and we won't hold back with the reward, the whole village is ready to chip in.;听说过%dungeon_name%没有？那是我们主保圣母圣埃芭的安息之地。#奥斯布鲁克一有灾有难，我们就会去她的石棺那里祭拜，那里放着一尊不得了的雕像……#最近，有个王八蛋偷偷钻进了墓穴，我估计是他是要去亵渎圣地。这他要是得手了，天知道我们得遭多大的灾殃啊……#麻烦你去一趟墓穴，宰了那个混蛋，取回圣母的遗迹。要是能帮这个忙，你就是我们的大恩人，赏金绝对不会少了，村里的父老乡亲都已经把钱准备好了。;Schon mal vom Ort %dungeon_name% gehört? Das ist die letzte Ruhestätte der heiligen Ebba, unserer Schutzpatronin, gepriesen sei ihr Name.#Wenn schwere Zeiten nach Osbrook kommen, pilgern wir zu ihrem Sarkophag. Dort wird auch eine wundersame Figur aufbewahrt...#Kürzlich fand ein widerwärtiger Schurke den Weg in die Krypta. Ich glaube, er will den heiligen Ort zu schänden. Ich mag mir nicht vorstellen, was für ein Unglück uns bevorsteht, wenn es ihm gelingt... #Ich flehe dich an: Steig in die Krypta hinab, töte diesen Schurken und bring unsere Reliquie zurück. Es ist eine rechtschaffene Tat und wir werden uns mit der Belohnung nicht zurückhalten. Das ganze Dorf ist bereit, seinen Beitrag zu leisten.;;;;Słyszałeś kiedyś o miejscu, które nosi nazwę %dungeon_name%? To ostatnie miejsce spoczynku świętej Ebby, naszej patronki.#Kiedy ciężkie czasy nastały w Osbrook, odbyliśmy pielgrzymkę do jej sarkofagu, gdzie cudowna figurka była przechowywana...#Ostatnio, jakiś plugawca niemal dostał się do jej krypty. Jestem pewien, że udał się tam, by zbeszcześcić to święte miejsce. Nie mogę sobie nawet wyobrazić jakie potworności tam poczyni, jeżeli mu się uda...#Błagam cię. Zejdź do krypt i zabij tego złoczyńcę oraz zwróć nam naszą relikwię. To prawy uczynek i nie zostanie bez nagrody, cała wioska składa się na kontrakt.
3;Некий чернокнижник пробрался в %dungeon_name% и осквернил могилу местной святой. Старейшина %village_name% готов заплатить за его убийство и возвращение украденной реликвии.;The necromancer found his way inside %dungeon_name% and defiled the grave of the local saint. The elder of %village_name% is ready to pay me for killing him and bringing back the stolen relic.;死灵法师溜进了%dungeon_name%，亵渎了本地主保圣母的墓穴。%village_name%的村长已经把钱准备好了，就等我干掉法师，拿回失落的圣髑了。;Der Nekromant fand einen Weg ins Innere von %dungeon_name% und schändete das Grab des örtlichen Heiligen. Der Älteste von %village_name% ist bereit, mich dafür zu bezahlen, dass ich ihn töte und die gestohlene Reliquie zurück gbringe.;;;;Mieścina o nazwie %village_name% gromadzi nagrodę za wykonanie kontraktu, którego celem jest odzyskanie relikwii z grobowca lokalnej świętej. Starszy informuje, że miejsce poszukiwań to %dungeon_name%. Zlecenie dotyczy zabicia plugawiciela i zwróćenia relikwii.
4;Отправиться в %dungeon_name%;Head to %dungeon_name%;前往%dungeon_name%;Begib dich nach: %dungeon_name%;;;;%dungeon_name% to miejsce poszukiwań.
5;Убить некроманта;Kill the Necromancer;杀死死灵法师;Töte den Nekromanten;;;;Zabij plugawiciela.
6;Найти статуэтку;Find the Figurine.;找到雕像;Finde die Figur.;;;;Odnajdź Figurkę.
7;Вернуть статуэтку старейшине;Bring the Figurine to the elder;将雕像交给村长;Bringe die Figur zurück zum Ältesten;;;;Zanieś Figurkę do starszego.
;con_7;con_7;con_7;con_7;;;;con_7
1;Источник порчи;Source of Corruption;腐坏之源;Quelle der Verdorbenheit;;;;Źródło Spaczenia
2;Когда Орден сооружал склепы, никто и подумать не мог, что от них будет столько хлопот... От склепа под названием %dungeon_name% нам и вовсе жизни нет. Он словно тянет к себе лиходеев всех мастей.#Дальше такое терпеть мы не намерены. Надобно бы выяснить, что так манит туда всю эту погань. Коль очистишь склеп и отыщешь причину скверны, я неплохо тебе заплачу.;At the time when the Order was building the crypts, no one could imagine they would end up being so bothersome... And out of all of them, %dungeon_name% bothers our village the most. It's as if it draws in all kinds of villains.#We just can't put up with it any longer. It's time to see for ourselves, what exactly attracts all this rabble. If you clear out the crypt and discover the cause of this blight, I'll reward you generously.;修会当年建这些墓穴，谁也想不到后来会招惹这么多麻烦……而且，这几个墓穴，就数%dungeon_name%这个最让我们村子遭罪，感觉各种各样的恶人全都被它引来了。#我们实在受不了了，只能花钱请人过去看看，到底是什么东西招来了这群兔崽子。你要是能把他们全收拾了，然后找到祸根，我绝对不会让你吃亏。;Zu der Zeit, als der Orden die Krypten baute, konnte sich niemand vorstellen, dass sie am Ende so lästig sein würden... Und von allen stört %dungeon_name% unser Dorf am meisten. Es ist, als ob es alle Arten von Bösewichten anlockt.#Wir können es einfach nicht mehr ertragen. Es ist an der Zeit, einmal zu schauen, was genau dieses ganze Gesindel anzieht. Wenn du die Krypta ausräumst und die Ursache für diese Plage entdeckst, werde ich dich großzügig belohnen.;;;;Kiedy Zakon budował krypty, nikt nie spodziewał się, że wszystko zakończy się tak kłopotliwie... I spośród nich wszystkich to właśnie %dungeon_name% powoduje największe problemy dla okolicznych wsi. Tak, jakby właśnie ta krypta ściągała wszelkich niegodziwców z okolicy.#Nie możemy żyć w taki sposób dłużej. Pora zobaczyć na własne oczy, co sprowadza te całe zło właśnie w to miejsce. Jeżeli oczyścisz kryptę i odkryjesz, co się za tym kryje, otrzymasz dobrą zapłatę.
3;По словам старейшины %village_name%, склеп под названием %dungeon_name% притягивает к себе культистов и некромантов. Мне нужно отправиться туда и найти причину этой напасти.;According to the elder of %village_name%, %dungeon_name% attracts cultists and necromancers. I need to get there and discover the source of this blight.;据%village_name%的村长称，许多邪教信徒和死灵法师聚集在%dungeon_name%。我要前往那里，探明这场祸害的根源。;Nach Angaben des Ältesten von %village_name% zieht %dungeon_name% Kultisten und Nekromanten an. Ich muss dorthin gelangen und die Quelle dieser Plage ausfindig machen.;;;;%village_name% w imieniu starszego szuka kogoś, kto oczyści miejsce spoczynku ze zła. %dungeon_name% musi zostać oczyszczona z kultystów i nekromantów. Oznalezienie źródła potworności i jego zlikwidowanie zostanie opłacone.
4;Отправиться в %dungeon_name%;Head to %dungeon_name%;前往%dungeon_name%;Begib dich nach: %dungeon_name%;;;;%dungeon_name% to miejsce poszukiwań.
5;Убить предводителя культа;Kill the Cult Leader;杀死邪教头目;Töte den Kultistenanführer;;;;Zabij lidera Kultystów.
6;Найти источник порчи;Find the Source of Corruption;找到腐坏之源;Finde die Quelle der Verdorbenheit;;;;Odnajdź źródło Spaczenia.
7;Вернуть амулет старейшине;Bring the Amulet to the Elder;将护符交给村长;Bringe das Amulett zurück zum Ältesten;;;;Pokaż amulet starszemu.
;con_8;con_8;con_8;con_8;;;;con_8
1;Странное свечение;Mysterious Glow;神秘蓝光;Geheimnisvolles Glühen;;;;Tajemnicza Poświata
2;Последние дни у нас опять неспокойно - и виной тому %dungeon_name%. Ближе к ночи один пастух гнал обратно свои стада. Он рассказывал, что двери склепа были полуоткрыты и из них исходил мертвенный синий свет...#Что-то тут нечисто. Конечно, ему могло и привидеться... Но в таких делах лучше перебдеть.#Отправься в склеп и разузнай, правдивы ли слухи. А затем доложишь мне о своих успехах.;These last few days have been worrisome for us, and the reason for this is %dungeon_name%. We had a shepherd passing it, while driving back his herd in the evening. He told us that the gates of the crypt were half-opened and a deathly-blue light was seeping through the gap...#Something is happening there. Of course, he could be imagining things... But I feel that in this case, it's better safe than sorry.#Get into that crypt and see for yourself whether the rumors are true. I'll be waiting to hear about your discoveries.;最近几天，村里担惊受怕的，全都是因为%dungeon_name%。那天夜里，有人赶着羊回家，路过墓穴的时候，看到墓门半掩，门缝里透着莹莹的蓝光……#估计里面是有什么古怪。是，也可能放羊的那人添油加醋了。不过，我觉得这种事情，还是去确认一下比较好。#你去墓穴里面探一探，看看传言说的是真是假。我在村里等你的消息。;Diese letzten Tage waren für uns beunruhigend, und der Grund dafür ist der Ort %dungeon_name%. Wir hatten einen Schäfer, der daran vorbei musste, während er abends seine Herde zurücktrieb. Er erzählte uns, dass die Tore der Krypta halb geöffnet waren und ein totenblaues Licht durch die Spalte sickerte... #Irgendetwas geschieht dort. Natürlich könnte er sich die Dinge auch einbilden... Aber ich denke, in diesem Fall ist es besser, auf Nummer sicher zu gehen.#Geh in die Krypta und sieh selbst, ob die Gerüchte wahr sind. Ich warte darauf, von deinen Beobachtungen zu hören.;;;;W ciągu ostatnich dni mieliśmy we wsi duże problemy, powodem tego jest %dungeon_name%. Spotkałem się z pasterzem, który zaganiał swoje stado wieczorem z terenów niedaleko tego miejsca. Powiedział mi, że drzwi do krypty były półotwarte, a ze środka przez szczelinę biła dziwna niebieska poświata...#Coś się tam bardzo mocno dzieje. Oczywiście mógłby sobie wyobrażać różne bajki... Uważam jednak, że lepiej dmuchać na zimne.#Znajdź tę kryptę i zobacz na własne oczy, czy plotki są prawdziwe. Będę czekać na twoje odkrycia.
3;Старейшина %village_name% рассказал мне, будто %dungeon_name% источает странный свет по ночам. Мне нужно спуститься внутрь и найти причину этого явления.;The elder of %village_name% told me about the mysterious light coming from %dungeon_name% at night. I need to get there and find out what's causing it.;%village_name%的村长说%dungeon_name%夜里会发出神秘的光。我要过去探一探，看看到底是怎么回事。;Der Älteste von %village_name% erzählte mir von dem geheimnisvollen Licht, das nachts aus %dungeon_name% kommt. Ich muss dorthin gehen und herausfinden, was die Ursache dafür ist.;;;;%village_name% ma zlecenie na sprawdzenie, co się dzieje w nocy na nieodległym cmentarzu. Celem jest %dungeon_name%. Mam sprawdzić, czy bijące z tego miejsca niebieskie światło to bajka, czy coś się za tym kryje.
4;Отправиться в %dungeon_name%;Head to %dungeon_name%;前往%dungeon_name%;Begib dich nach: %dungeon_name%;;;;%dungeon_name% to miejsce poszukiwań.
5;Убить некроманта;Kill the Necromancer;杀死死灵法师;Töte den Nekromanten;;;;Zabij nekromantę.
6;Найти источник света;Find the Source of Light;找到光亮的来源;Finde die Quelle des Lichts;;;;Znajdź źródło światła.
7;Вернуться за наградой;Claim the Reward;领取奖赏;Hole dir deine Belohnung ab;;;;Wróć do starszego po nagrodę.
;con_9;con_9;con_9;con_9;;;;con_9
1;Нечестивый обряд;Unholy Ritual;邪术仪式;Unheiliges Ritual;;;;Przeklęty Rytuał
2;Неподалёку от склепа под названием %dungeon_name% недавно видели человека в тёмных одеяниях. Говорят, он поселился внутри и проводит там некие нечестивые обряды, тревожа вечный сон мертвецов.# Неспокойно нам: а вдруг нашлёт мор на деревню? Я хотел было отправить туда нашу стражу разобраться, да у них от такой чертовщины душа в пятки уходит.#Только и остаётся обращаться к наёмникам вроде тебя. Положи этому конец, а денег мы тебе заплатим вдоволь.;There was a man in dark robes spotted near %dungeon_name% recently. It seems like he turned it into his residence, practicing unholy rituals and disturbing the dead.#We don't feel safe: what if he sends a plague on our village? At first, I planned to send our guards, but they just don't have enough guts to deal with this devilry.#Our last hope is mercenaries like you. Put an end to it, and we'll pay you well. ;最近有人经常能在%dungeon_name%看见一个黑袍男人，好像已经在那里住下了，天天举行邪术仪式，搅扰亡灵。#我们心里实在不踏实，他这说不定就是在给我们村降瘟疫呢。我本来想派护卫过去看看，可是他们都没那个胆量。#所以呢，我们现在只能指望你们雇佣兵了。你去把那个人解决了，我们不会亏待你。;Vor kurzem wurde ein Mann in dunklen Robe in der Nähe von des Ortes %dungeon_name% gesichtet. Es scheint, als hätte er ihn zu seiner Residenz gemacht, unheilige Rituale praktiziert und die Toten gestört.#Wir fühlen uns nicht sicher: Was ist, wenn er eine Seuche in unserem Dorf herauf beschwört? Zuerst wollte ich unsere Wachen schicken, aber sie haben einfach nicht genug Mut, um mit dieser Teufelei fertig zu werden.#Unsere letzte Hoffnung sind Söldner wie du. Mach dem ein Ende, und wir werden dich gut bezahlen. ;;;;W ostatnim czasie widziano zakapturzoną postać nieopodal miejsca zwanego %dungeon_name%. Wygląda na to, że urządził tam swoją rezydencję praktykując przeklęte rytuały oraz zakłócając spoczynek zmarłych.#Nie czujemy się bezpiecznie. Co jeżeli planuje zesłać zarazę na wioskę? Na początku planowałem wysłać straże, ale nie mają wystarczająco dużych jaj, by mierzyć się z tym diabelstwem.#Naszą ostatnią nadzieją są najemnicy, tacy jak ty. Rozwiąż ten problem, a sowicie cię opłacimy.
3;Старейшина %village_name% рассказал, что в склепе под названием %dungeon_name% поселился некий культист, проводящий там нечестивые обряды. Мне нужно спустить внутрь, убить его и прервать ритуал.;The elder of %village_name% told me about the cultist, who settled in %dungeon_name%, using it as a place to perform his unholy rituals. I need to get there, kill him, and interrupt the ritual.;%village_name%的村长说%dungeon_name%住了一个邪教徒，天天在那里举行邪术仪式。我要过去干掉他，终止他的邪术仪式。;Der Älteste von %village_name% erzählte mir von dem Kultisten, der sich im Ort %dungeon_name% niedergelassen hat und ihn als Platz für seine unheiligen Rituale benutzt. Ich muss dorthin, ihn töten und das Ritual unterbrechen.;;;;Wieś %village_name% ma zlecenie na kultystę, który nawiedza okolicę. Celem jest %dungeon_name%, w którym widziany ostatnio podróżnik w czerni uprawia przeklęte rytuały. Starszy wsi dobrze zapłaci za pozbycie się go i przerwanie rytuałów.
4;Отправиться в %dungeon_name%;Head to %dungeon_name%;前往%dungeon_name%;Begib dich nach: %dungeon_name%;;;;%dungeon_name% to miejsce poszukiwań.
5;Убить некроманта;Kill the Necromancer;杀死死灵法师;Töte den Nekromanten;;;;Zabij nekromantę.
6;Прервать ритуал;Interrupt the Ritual;终止邪术仪式;Unterbreche das Ritual;;;;Przerwij rytuał.
7;Вернуться за наградой;Claim the Reward;领取奖赏;Hole dir deine Belohnung;;;;Wróć do starszego po nagrodę.
;con_10;con_10;con_10;con_10;;;;con_10
1;Разбойничье логово;Bandit's Den;土匪老窝;Banditenhöhle;;;;Melina Bandytów
2;С этим контрактом всё просто. Неподалёку от деревни есть старые руины - %dungeon_name%. Их вечно обживают всякие лиходеи: стоит страже выкурить оттуда одну банду, как на её место тут же приходит другая.#Сейчас фортом заправляет %boss_name% - редкостный подонок, которому давно пора в петлю. Лишних людей, способных зачистить и удержать эти развалины, у меня нет, так что приходится просить о помощи наёмников вроде тебя.#Задача простая: проникнуть внутрь и убить вожака. Остальные разбегутся сами. Берёшься?;This contract is pretty simple. There are old ruins near our village - %dungeon_name%. It often attracts unscrupulous types: the moment our guards smoke out one band, the next one settles in.#Right now the fort is in the hands of %boss_name%, a rare bastard, well-deserving of a noose. We don't have enough men to clear out and hold these ruins, so I have to rely on mercenaries like you.#The task is simple: get inside, slay their leader, and the rest shall flee. Are you up to it?;这个活儿很简单。我们村附近有一个废弃的要塞，叫%dungeon_name%，经常引来下流无耻之徒。村里的护卫前脚放火熏走一帮，后脚马上就又会有一伙占了那个地方。#要塞眼下落在了%boss_name%手里，这家伙是世间少有的混蛋，为恶多端，就算绞死也不过分。我们没有那么多人手去收拾他们，也没人手看守废墟，所以只能靠你们雇佣兵了。#任务很简单：进入要塞，干掉头目，之后应该就不会有人再来了。你干不干？;Dieser Auftrag ist ziemlich einfach. Es gibt alte Ruinen in der Nähe unseres Dorfes - %dungeon_name%. Sie zieht oft skrupellose Typen an: In dem Moment, in dem unsere Wachen die eine Bande ausräuchern, lässt sich die nächste nieder.#Im Moment ist die Festung in den Händen von %boss_name%, einem seltenen Bastard, der die Schlinge verdient hat. Wir haben nicht genug Männer, um diese Ruinen auszuheben und zu sichern, also bin ich auf Söldner wie dich angewiesen.#Die Aufgabe ist einfach: Geh hinein, erschlage den Anführer, und der Rest sollte fliehen. Bist du dem gewachsen?;;;;Kontrakt jest bardzo prosty. W pobliżu naszej wioski znajdują się ruiny. Ich nazwa to %dungeon_name%. To miejsce przyciąga różnych typów spod ciemnej gwiazdy jak lep na muchy. Nasi strażnicy niedawno wypędzili jedną grupę, a już rozsiadła się tam kolejna.#Aktualnie ruiny są w posiadaniu człowieka imieniem %boss_name%. To niezły drań, zasługujący na stryczek. Nie mamy tylu ludzi, by odbić ruiny i obsadzić je naszymi żołnierzami, więc muszę polegać na najemnikach.#Zadanie jest proste. Dostań się do środka, poderżnij gardło liderowi, a reszta powinna zrobić w gacie i uciec. Zgoda?
3;Старейшина %village_name% жалуется на распоясавшихся разбойников, что обосновались в месте под названием %dungeon_name%. Мне нужно пробраться внутрь и убить их вожака.;The elder of %village_name% wants me to deal with the band of unruly brigands, who turned %dungeon_name% into their den. I need to get there and kill their leader.;有一群无法无天的土匪，把%dungeon_name%变成了他们的老窝，%village_name%的村长想让我过去，干掉他们的头目。;Der Älteste von %village_name% möchte, dass ich mich mit der Bande widerspenstiger Räuber befasse, die %dungeon_name% zu ihrer Behausung gemacht haben. Ich muss dorthin und ihren Anführer töten.;;;;%village_name% wywieszono zlecenie na bandytów, którzy zajęli nieodległe ruiny. Starszy wioski szuka zlecił udać się do miejsca, które na mapach widjenie jako %dungeon_name%. Kontrakt zostanie zakończony po śmierci lidera.
4;Отправиться в %dungeon_name%;Head to %dungeon_name%;前往%dungeon_name%;Begib dich nach: %dungeon_name%;;;;%dungeon_name% to miejsce poszukiwań.
5;Убить главаря разбойников;Kill the Brigand Leader;杀死土匪头目;Töte den Banditenanführer;;;;Zabij Lidera bandytów.
6;Вернуться за наградой;Claim the Reward;领取奖赏;Hole dir deine Belohnung ab;;;;Wróć do starszego po nagrodę.
7;noone;noone;noone;noone;;;;
;con_11;con_11;con_11;con_11;;;;con_11
1;Таинственные исчезновения;Mysterious Disappearances;离奇失踪;Mysteriöses Verschwinden;;;;Tajemnicze Zniknięcia
2;О месте под названием %dungeon_name% ходит недобрая слава. Поблизости часто пропадают люди, а по ночам неподалёку то и дело видят не то чудищ людоподобных, не то людей со звериными повадками... Один слух жутче другого.#Не по нраву нам такое соседство. Разберись, что за дьявольщина творится внутри. Как справишься, получишь награду.;%dungeon_name% has a bad reputation. Folks often disappear around it, and, during some nights, strange beasts can be spotted there. Or humans who act like beasts... The rumors are unsettling.#We don't want this kind of neighbors. Go there and deal with whatever the hell is going on inside. Once you are done, the reward is yours.;%dungeon_name%这个地方最近开始有些古怪，附近经常有人失踪，晚上还有人在那儿看见过奇怪的生物，不是真的就是人扮的……这些传言搞得大家人心惶惶。#我们不想村旁总有这种东西出没，要是你能搞定那个地方，赏金就归你了。;%dungeon_name% hat einen schlechten Ruf. Oft verschwinden Leute in der Nähe, und in manchen Nächten können dort seltsame Bestien gesichtet werden... oder Menschen, die sich wie Bestien verhalten... Die Gerüchte sind beunruhigend.#Wir wollen diese Art von Nachbarn nicht. Geh dahin und kümmere dich um das, was auch immer im Inneren vor sich geht. Wenn du fertig bist, gehört die Belohnung dir.;;;;%dungeon_name% to miejsce o bardzo złej reputacji. Nieświadomi ludzie często znikają zapuszczając się w tamtejszą okolicę. Mało tego, w nocy można zauważyć tam dziwne bestie. Albo ludzi, którzy zachowują się jak bestie... Plotki nie wróżą nic dobrego.#Nie chcemy mieć takiego towarzystwa wokół wioski. Udaj się tam i rozpraw z tym, co do cholery siedzi w środku. Jak tylko to uczynisz, nagroda jest twoja.
3;Старейшина %village_name% рассказал, что вокруг места под названием %dungeon_name% пропадают люди. Нужно спуститься вниз и разузнать, кто за этим стоит.;The elder of %village_name% told me, that people started disappearing around %dungeon_name%. I need to get there and find out who is behind it.;%village_name%的村长说%dungeon_name%附近频频有人离奇失踪。我要过去探一探，看看到底是什么人在捣鬼。;Der Älteste von %village_name% erzählte mir, dass Menschen um %dungeon_name% herum verschwinden. Ich muss dorthin gehen und herausfinden, wer dahinter steckt.;;;;Wieś %village_name% ma zlecenie od starszego. Celem dla najemnika jest miejsce znane jako %dungeon_name%. Należy ustalić, co dzieje się z ludźmi, którzy znikają bez śladu w tej okolicy.
4;Отправиться в %dungeon_name%;Head to %dungeon_name%;前往%dungeon_name%;Begib dich nach: %dungeon_name%;;;;%dungeon_name% to miejsce poszukiwań.
5;Убить предводителя культа;Kill the Cult Leader;杀死邪教头目;Töte den Kultistenanführer;;;;Zabij lidera kultu.
6;Вернуться за наградой;Claim the Reward;领取奖赏;Hole dir deine Belohnung;;;;Wróć do starszego po nagrodę.
7;noone;;;;;;;
;con_12;con_12;con_12;con_12;;;;con_12
1;Украденные товары;Stolen Goods;货物被抢;Gestohlene Waren;;;;Skradzione Dobra
2;На дорогах нынче неспокойно. Осбрук тем только и живёт, что зерно в Бринн поставляет, а местные разбойники из места под названием %dungeon_name% продыху нам не дают - перехватывает каждый воз.#Надоело нам это. Если ты отправишься в %dungeon_name%, убьёшь их вожака и вернёшь украденный товар, я за это неплохо заплачу. Думай.;The roads aren't safe these days. Selling grain to Brynn is the only thing which keeps Osbrook afloat, but the local brigands from %dungeon_name% don't let us have it easy. They intercept every cart we send.#We are sick of it. If you get to %dungeon_name%, kill their leader, and return the stolen goods, I'll pay you well. Think about it.;奥斯布鲁克现在全靠向布林卖粮食维持村里的财政，可是只要有%dungeon_name%的土匪在，我们就别想把粮食送过去。我们送一车，他们截一车。我们送一车，他们截一车。#父老乡亲已经忍无可忍，你要是能去%dungeon_name%干掉他们老大，把他们截的粮食送回来，我绝对不会让你后悔。考虑考虑吧。;Die Straßen sind heutzutage nicht mehr sicher. Der Verkauf von Getreide nach Brynn ist das Einzige, was Osbrook über Wasser hält, aber die örtlichen Banditen von %dungeon_name% machen es uns nicht leicht. Sie fangen jeden unserer Karren ab.#Wir haben es satt. Wenn du nach %dungeon_name% reist, ihren Anführer tötest und das Diebesgut zurückbringst, werde ich dich gut bezahlen. Denke bitte darüber nach.;;;;Drogi w dzisiejszych czasach nie są bezpieczne. Sprzedawanie zborza do Brynn jest jedyną rzeczą, jaka trzyma Osbrook na powierzchni, ale lokalni bandyci z miejsca nazywanego %dungeon_name% nie ułatwiają nam tego. Przechwytują niemal każdy wóz.#Mamy tego dość. Jeżeli dostaniesz się do %dungeon_name% i zabijesz ich lidera oraz zwrócisz skradzione dobra, dobrze ci zapłacimy. Pomyśl o tym.
3;Старейшина %village_name% пожаловался, что в форте под названием %dungeon_name% обосновалась банда, грабящая торговая пути. Мне нужно убить их главаря и вернуть украденный товар.;The elder of %village_name% complained that a band of brigands took residence in %dungeon_name%, pillaging surrounding trade routes. I need to kill their leader and return the stolen goods.;%village_name%的村长说一帮土匪占了%dungeon_name%，在周边的商路打劫。我要干掉他们的头目，找回他们截下的粮食。;Der Älteste von %village_name% beschwerte sich darüber, dass sich eine Bande von Banditen am Ort %dungeon_name% niederließ und die umliegenden Handelswege plündert. Ich muss ihren Anführer töten und die gestohlenen Waren zurückgeben.;;;;Starszy we wsi %village_name% ogłosił zlecenie na grupę bandytów, którzy rozsiedli się w miejscu nazywanym %dunegon_name%. Napadają i rabują okoliczne szlaki handlowe. Zadanie polega na pozbyciu się lidera i odzyskaniu skradzionych dóbr.
4;Отправиться в %dungeon_name%;Head to %dungeon_name%;前往%dungeon_name%;Begib dich nach: %dungeon_name%;;;;%dungeon_name% to miejsce poszukiwań.
5;Убить главаря разбойников;Kill the Brigand Leader;杀死土匪头目;Töte den Banditenanführer;;;;Zabij Lidera bandytów.
6;Найти украденное зерно;Find the Stolen Grain;找回被劫的粮食;Finde das gestohlene Getreide;;;;Znajdź skradzione Zboże.
7;Вернуть зерно старейшине;Bring the Grain Back to the Elder;将粮食交给村长;Bringe das Getreide zurück zum Ältesten;;;;Zwróć Zboże starszemu, by odebrać nagrodę.
;con_13;con_13;con_13;con_13;;;;con_13
1;Перехваченные донесения;Intercepted Reports;文书被截;Abgefangene Berichte;;;;Przechwycone Raporty
2;Недавно головорезы из места под названием %dungeon_name% перехватили магистратского гонца. Беднягу выпотрошили, вздёрнули на дереве, а донесения умыкнули.#Боюсь, если об этом прознают наверху, быть беде.#У меня мысля такая: если бы ты отправился туда, отомстил за посла да вернул бумаги, можно было бы замять это дело. Заплачу я щедро.;Few days ago a band of cutthroats from %dungeon_name% intercepted the Magistrate's messenger. They gutted the poor sod and hung him on a tree, took his reports as well.#I'm afraid if the Magistrate catches the wind of it, it will not end well for us.#I have this idea: if you go to that place, take revenge for the messenger, and retrieve the papers, we could probably sweep this whole thing under the rug. I'll pay you handsomely once you are done.;前几天，%dungeon_name%有一群亡命之徒劫了城市联盟的信使。他们把他肚子里的东西掏出来了，然后把人吊在了树上，还拿走了他要送的文书。#要是城市联盟听说了这件事，恐怕我们都没有好果子吃。#我有这么个主意------你去替那个信使报了仇，然后把文书带回来，这件事情说不定就这么过去了。事成之后，赏金丰厚。;Vor wenigen Tagen hat eine Gruppe von Halsabschneidern am Ort %dungeon_name% den Boten des Magistrats abgefangen. Sie haben den armen Kerl ausgeweidet und ihn an einen Baum gehängt, und seine Berichte mitgenommen.#Ich fürchte, wenn der Magistrat davon Wind bekommt, wird es nicht gut für uns ausgehen.#Ich habe folgende Idee: Wenn du dorthin gehst, dich für den Boten rächen und die Papiere zurückholen würdest, könnten wir die ganze Sache wahrscheinlich unter den Teppich kehren. Ich werde dich großzügig bezahlen, sobald du fertig bist.;;;;Kilka dni temu banda podżynaczy z miejsca oznaczonego na mapach jako %dungeon_name% przechwyciła posłańca Magistratu. Wypatroszyli biedaka i powiesili go na drzewie, również zabrali jego raporty.#Przekonany jestem, że jeżeli do Magistratu dotrze wieść o tym, nie skończy się to dla nas dobrze.#Mam pewien pomysł. Jeżeli udasz się na miejsce, pomścisz posłańca i odzyskasz jego papiery, może uda nam się zamieść tę sprawę pod dywan. Sowicie cię opłacę, jeżeli ukończysz te zadanie. 
3;Бандиты из бастиона под названием %dungeon_name% убили магистратского гонца и похитили его донесения. Старейшина %village_name% нанял меня, чтобы убить главаря разбойников и вернуть важные бумаги.;The bandits from %dungeon_name% killed the Magistrate's messenger and stole his reports. The elder of %village_name% hired me to kill their leader and retrieve the important papers.;%dungeon_name%的土匪杀了城市联盟的信使，抢了他送的文书。%village_name%的村长花钱请我干掉土匪头子，取回书信。;Die Banditen am Ort %dungeon_name% töteten den Boten des Magistrats und stahlen seine Berichte. Der Älteste von %village_name% beauftragte mich, ihren Anführer zu töten und die wichtigen Papiere zu beschaffen.;;;;Starszy w wiosce zwanej %village_name% zlecił zadanie pomszczenia posłańca Magistratu, którego zamordowali bandyci. Zabrali jego papiery. Celem jest pozbycie się ich dowódcy w okolicy miejsca określanego jako %dungeon_name% i zwrócenie dokumentacji.
4;Отправиться в %dungeon_name%;Head to %dungeon_name%;前往%dungeon_name%;Begib dich nach: %dungeon_name%;;;;%dungeon_name% to miejsce poszukiwań.
5;Убить главаря разбойников;Kill the Brigand Leader;杀死土匪头目;Töte den Banditenanführer;;;;Zabij Lidera bandytów.
6;Найти донесения;Find the Reports;找到书信;Finde die Berichte;;;;Odnajdź raporty.
7;Вернуть донесения старейшине;Bring the Reports Back to the Elder;将书信交给村长;Bringe die Berichte zurück zum Ältesten;;;;Zwróć raporty starszemu, by odebrać nagrodę.
;con_14;con_14;con_14;con_14;;;;con_14
1;Алхимический набор;Alchemy Kit;炼金设备;Alchemieapparatur;;;;Zestaw Alchemiczny
2;Недавно через наши края проезжал один чудак-торговец. И угораздило его напороться на бандитов из логова под названием %dungeon_name%. Жизнь-то он себе выторговал, а вот со всем остальным распрощался.#А вёз он набор каких-то архиважных склянок по заказу видного человека. Говорит, если тот о пропаже узнает - не видать ему своей головы.#Может подсобишь этому горемыке? Он обещал хорошо заплатить своему спасителю.;Not so long ago, we had an odd merchant passing through our lands. Somehow he managed to stumble upon the brigands from %dungeon_name%. He paid them off and got away with his life, but he had to wave his goods goodbye.#Among other things, he was transporting a set of very important vials on the orders of some bigwig. The merchant told me that if his employer learns about the missing goods, he is done for.#Perhaps you could help the poor fellow out? He promised to pay his savior well.;前段时间，有个古怪的商人路过我们这里，半道遇上了%dungeon_name%的土匪。他保住了性命，但是带的货物全都扣在了土匪手上。#商人当时带了不少东西，其中有一件是大人物订的重要容器。他说，要是这位客户知道东西丢了，拿他就完了。#你看能不能帮他一把？他说事成之后，一定重金酬谢。;Vor nicht allzu langer Zeit war ein seltsamer Händler auf der Durchreise durch unser Land. Irgendwie schaffte er es, über die Banditen am Ort %dungeon_name% zu stolpern. Er bezahlte sie und kam mit seinem Leben davon, aber er musste seiner Ware zum Abschied zuwinken.#Unter anderem transportierte er auf Befehl eines hohen Tieres eine Reihe sehr wichtiger Fläschchen. Der Händler sagte mir, wenn sein Arbeitgeber von den fehlenden Waren erfährt, ist er erledigt.#Vielleicht könntest du dem armen Kerl aushelfen? Er versprach, seinen Retter gut zu bezahlen.;;;;Nie tak dawno temu przez nasze ziemie przechodził dziwaczny handlarz. Wyszło tak, że natknął się na bandytów z miejsca, jakie nazywamy %dungeon_name%. Zapłacił im, dzięki temu uszedł z życiem, ale musiał pomachać ręką na swoje zostawione u nich dobra.#Pośród klamotów transportował zestaw bardzo ważnych fiolek z rozkazu jakiejś grubej ryby. Handlarz zdradził mi, że jeżeli jego pracodawca dowie się o utraconych dobrach, będzie skończony.#Może dasz radę mu pomóc? Obiecał dobrze opłacić swojego wybawcę.
3;Старейшина %village_name% передал мне контракт от какого-то торговца, ограбленного бандитами из места под названием %dungeon_name%. Купец вёз некий алхимический набор и от меня требуется найти и вернуть его.;The elder of %village_name% passed me the contract from the merchant, who was robbed by the bandits residing in %dungeon_name%. The merchant had an alchemy kit with him, and it's on me to find and return it.;有个商人被%dungeon_name%的土匪劫了货物，其中有一套重要的炼金器材。%village_name%的村长受他的维托，请我帮忙找回这套器材。;Der Älteste von %village_name% gab mir den Auftrag des Händlers, der von den am Ort %dungeon_name% ansässigen Banditen ausgeraubt wurde. Der Händler hatte eine Alchemieapparatur bei sich, und es ist meine Aufgabe, ihn zu finden und zurückzugeben.;;;;%village_name% ogłasza zlecenie na odnalezienie przedmiotów należących do okradzionego handlarza. Bandyci ukryli się gdzieś w miejscu oznaczonym na mapach jako %dunegon_name%. Handlarz posiadał ze sobą cenny zestaw alchemiczny, który starszy wioski pragnie odzyskać dla zleceniodawcy.
4;Отправиться в %dungeon_name%;Head to %dungeon_name%;前往%dungeon_name%;Begib dich nach: %dungeon_name%;;;;%dungeon_name% to miejsce poszukiwań.
5;Убить главаря разбойников;Kill the Brigand Leader;杀死土匪头目;Töte den Banditenanführer;;;;Zabij Lidera bandytów.
6;Найти алхимический набор;Find the Alchemy Kit;找到炼金器材;Finde die Alchemieapparatur;;;;Znajdź Zestaw Alchemiczny.
7;Вернуть алхимический набор старейшине;Bring the Alchemy Kit Back to the Elder;将炼金器材交给村长;Bringe die Alchemieapparatur zurück zum Ältesten;;;;Zwróć zestaw alchemiczny starszemu, by odebrać nagrodę.
;con_15;con_15;con_15;con_15;;;;con_15
1;Рука беглеца;Fugitive's Hand;逃犯的手;Hand des Flüchtigen;;;;Ręka Dezertera
2;Не слыхал о беглом каторжнике по имени %boss_name%? Видать, тот ещё головорез, раз на его голову контракт аж из самого Бринна пришёл. Дозорные Магистрата говорят, будто он обосновался неподалёку, в месте под названием %dungeon_name%.#Дело серьёзное и твоего честного слова тут не хватит. Если хочешь награды, придётся тебе притащить его руку - на ней выжжено клеймо каторжника.;Have you heard of an escaped convict, "%boss_name%"? Must be quite a villain if there's a bounty on his head arriving all the way from Brynn. I heard from the Magistrate's scouts that he has a lair nearby, in %dungeon_name%.#To put it bluntly, it's a serious situation, so your word won't be enough. If you want to claim the bounty, you'll have to bring his hand to me - it's marked with the convict's brand.;"你听说过""%boss_name%""这个名字吗？这人是个逃犯，布林悬赏追捕的逃犯，肯定是个十恶不赦的人渣。我听城市联盟的探子说，他在这附近的%dungeon_name%就有一个窝。#咱们丑话说在前面，这件事情非同小可，所以你要把他的手给我送过来才行。我不要你的一面之词，我要看到他那只烙了印的手，才能给你赏金。";Hast du vom entflohenen Sträfling gehört, "%boss_name%"? Muss ein ziemlicher Schurke sein, wenn auf ihn ein Kopfgeld ausgesetzt ist, das den ganzen Weg von Brynn hierher geschickt wurde. Ich habe von den Spähern des Magistrats gehört, dass er ein Versteck in der Nähe hat, in %dungeon_name%.#Um es ganz offen zu sagen, die Situation ist ernst, also wird dein Wort nicht ausreichen - wenn Du das Kopfgeld einfordern willst, musst du mir seine Hand bringen.;;;;Udało ci się usłyszeć o niebezpiecznym zbiegu imieniem %boss_name%? Musiał być kawałem drania, skoro wyznaczono nagrodę za jego głowę, a samo zlecenie przyszło aż z Brynn. Słyszałem od zwiadowców Magistratu, że założył sobie norę w okolicy. Przejrzyj mapę i szukaj miejsca nazwanego %dungeon_name%.#To poważna sytuacja, więc twoje słowo o jego śmierci nie wystarczy. Jeżeli chcesz zgarnąć nagrodę za kontrakt, musisz dostarczyć jego rękę - ma wyraźny znak skazańca.
3;Старейшина %village_name% передал мне контракт на голову опасного разбойника по имение %boss_name%. Мне нужно отправиться в %dungeon_name%, убить его и принести старосте его кисть.;The elder of %village_name% passed me the bounty on %boss_name%'s head. I need to find my way to %dungeon_name%, kill him, and bring his hand to the elder.;%village_name%的村长把追杀%boss_name%的悬赏任务交给了我。我要进入%dungeon_name%，杀了逃犯，然后带着他的手去见村长。;Der Älteste von %village_name% übergab mir das Kopfgeldgesuch für %boss_name%. Ich muss den Weg zum Ort %dungeon_name% finden, den Sträfling töten und dem Ältesten seine Hand bringen.;;;;Wieś %village_name% zleca poważne zadanie na zabicie groźnego uciekiniera imieniem %boss_name%. Konkretnie zleca dostarczenie jego ręki. Starszy wsi uważa, że bandzior kryje się gdzieś w miejscu znanym jako %dungeon_name%. By udowodnić jego likwidację należy przynieść starszemu rękę bandyty.
4;Отправиться в %dungeon_name%;Head to %dungeon_name%;前往%dungeon_name%;Begib dich nach: %dungeon_name%;;;;%dungeon_name% to miejsce poszukiwań.
5;Убить главаря разбойников;Kill the Brigand Leader;杀死土匪头目;Töte den Banditenanführer;;;;Zabij Lidera bandytów.
6;Забрать трофей;Take a Trophy;拿到逃犯的手;Nimm eine Trophäe;;;;Zabierz trofeum.
7;Принести трофей старейшине;Bring the Trophy to the Elder;带着囚犯的手去见村长;Bringe die Trophäe zum Ältesten;;;;Pokaż trofeum starszemu, by odebrać nagrodę.
;con_16;con_16;con_16;con_16;;;;con_16
1;Похищенный реликварий;Stolen Reliquary;圣物箱被抢;Gestohlenes Reliquiar;;;;Skradziony Relikwiarz
2;Недавно шайка мародёров совершила лихой налёт на один монастырь. Перебили монахов да разграбили всё подчистую - даже тамошний реликварий с собой прихватили.#Совсем, видно, люди озверели, раз на святое посягаются. Впрочем, горбатого могила исправит, а в могилу сводить - это уже по твоей части.#Мы этих кощунников выследили: они залегли на дно в месте под названием %dungeon_name%. Надо бы преподать им урок: прикончить их старшого да реликварий вернуть на место. Берёшься?;Recently a band of marauders stormed a monastery. They murdered all monks and cleared out the place, they even took their reliquary.#Stealing holy items, now that's a new low. However, old habits die hard for some people, so it's up to you to put them to death.#We tracked those defilers down - right now they are lying low in %dungeon_name%. I need you to teach them a lesson: slay their leader and bring the reliquary back. Are you up to the task?;最近，一群强盗冲进一座修院，杀了所有僧侣，将整个地方洗劫一空，连修院的圣物箱都没放过。#抢夺圣物，真是令人不齿。不过，俗话说得好，山河易改，本性难移，所以只能让你去干掉他们了。#我们查到了这群畜生的下落，眼下他们就藏在%dungeon_name%。你去帮我杀了那个头领，教训他们一番，再把圣物箱带回来。这活儿你干不干？;Kürzlich stürmte eine Bande von Plünderern eine Abtei. Sie ermordeten alle Mönche und räumten den Ort leer, sie nahmen sogar das Reliquiar mit.#Diebstahl von heiligen Gegenständen, das ist ein neuer Tiefpunkt. Doch alte Gewohnheiten sterben für manche Menschen nur schwer aus.Es liegt an dir, sie zu töten.#Wir haben diese Schänder ausfindig gemacht - im Moment lagern sie am Ort %dungeon_name%. Du musst ihnen eine Lektion erteilen: Töte ihren Anführer und bring das Reliquiar zurück. Bist du der Aufgabe gewachsen?;;;;Niedawno banda maruderów najechała monastyr. Wymordowali wszystkich mnichów i wyczyścili miejsce ze wszystkiego. Nawet zabrali trzymany tam relikwiarz.#Kradzież świętych przedmiotów, to nowy niski poziom. Jednakże, stare nawyki są dla niektórych zgubną drogą, więc to od ciebie zależy, by spotkała ich śmierć.#Wytropiliśmy tych plugawicieli - rozgościli się w miejscu nazwanym %dungeon_name%. Potrzebuję ciebie, by nauczyć ich lekcji - wypatrosz ich dowódcę i zwróć nam relikwiarz. Zgodzisz się na to?
3;Старейшина %village_name% рассказал, что в развалинах под названием %dungeon_name% обосновалась банда святотатцев, разграбивших одно из местных аббатств. Мне нужно убить их лидера и вернуть в деревню похищенный реликварий.;The elder of %village_name% told me about the band of blasphemers, who took shelter in %dungeon_name% after raiding one of the local abbeys. I need to kill their leader and bring the stolen reliquary back to the village.;%village_name%的村长说有一群强盗洗劫本地一座修院，亵渎圣灵，目前躲在%dungeon_name%。我要干掉他们的头领，然后把他们抢走的圣物箱带回村里。;Der Älteste von %village_name% erzählte mir von der Gruppe von Gotteslästerern, die nach einem Überfall auf eine der örtlichen Abteien im Ort %dungeon_name% Unterschlupf fanden. Ich muss ihren Anführer töten und das gestohlene Reliquiar zurück ins Dorf bringen.;;;;%village_name% ma zlecenie na bandę bluźnierców, którzy skryli się w miejscu oznaczonym na mapie jako %dungeon_name%. Skryli się tam po najechaniu tutejszego opactwa. Celem jest pozbycie się lidera oraz zwróćenie starszemu wioski skradzionego relikwiarza.
4;Отправиться в %dungeon_name%;Head to %dungeon_name%;前往%dungeon_name%;Begib dich nach: %dungeon_name%;;;;%dungeon_name% to miejsce poszukiwań.
5;Убить главаря разбойников;Kill the Brigand Leader;杀死强盗头目;Töte den Banditenanführer;;;;Zabij Lidera bandytów.
6;Найти реликварий;Find the Reliquary;找到圣物箱;Finde das Reliquiar;;;;Znajdź Relikwiarz.
7;Вернуть реликварий старейшине;Bring the Reliquary Back to the Elder;将圣物箱交给村长;Bringe das Reliquiar zurück zum Ältesten;;;;Zwróć relikwiarz starszemu, by odebrać nagrodę.
;contracts_text_end;contracts_text_end;contracts_text_end;contracts_text_end;;;;contracts_text_end
;;;;;;;;
;village_names;village_names;village_names;village_names;;;;village_names
;Осбрука;Osbrook;奥斯布鲁克;Osbrook;;;;Osbrook
;Манншира;Mannshire;曼郡;Mannshire;;;;Mannshire
;village_names_end;village_names_end;village_names_end;village_names_end;;;;village_names_end
