Name;Nickname;//
vladimirledeux;;//
Yuri Petrushin;Jonsy;//
6 Eyes Studio;;//
A Big Silly Man;Made of Cheese!;//
A Challis;;//
A Lam;Blues;//
Aaron Aguilar;;//
Aaron J. Schrader;;//
Aaron Riner;;//
Aaron S.;Styphal;//
Aaron Westover;neostryder;//
Aat Niehot;;//
Abdulla Ishan;Ishan86;//
Ace Apollo;;//
Achim Kaiser;Lycanthropy;//
Adam Adamus Bilczewski;;//
Adam Buti;;//
Adam Dobson;WhiteFalconPro;//
Adam Dodd;;//
Adam Dyche;;//
Adam Moeller;;//
Adam Rahim;Chytah;//
Adam Scoble;;//
Adam Vraspir;obiwanfett;//
Adnan Custovic;deadmedo;//
Adonai Luis Martín;Oluu;//
Adrian A;koniu699;//
Adrian Weiss;Weez;//
Adriano Ribeiro;tiocavera;//
Ahmed alsultan;Finalpride;//
Aidan Maunder;;//
Akersis;;//
Aki Lin;The Snazzy Dragonborn;//
Al;Shamax;//
Alan Mann;;//
Alan Pettit;;//
Alan Purdy;CS42R;//
Alberto Martín;Stremie;//
Alejandro Miranda ;;//
Alejandro Sevilla;ASV93;//
Alejandro Zulueta Sanchez;;//
Aleksandr Arc;;//
Aleksandr Evsikov;Evsal;//
Aleksandr Rapohin;;//
Alen Novogradec;;//
Alessandro Fietta;;//
Alessio Kaito Castiglia;;//
Alex Doucette;;//
Alex Gorinsky;;//
Alex L.;;//
Alex Maslenikov;Turbo;//
Alex Miller;Zero;//
Alex Mochi;Mal'Renn;//
Alex Parker;;//
Alex Pinet;Psygod360;//
Alex Singaevskii;M113S;//
Alex Warner;;//
Alex Wylie;BigAlzBub;//
Alexander Al-Jenabi;Vommy;//
Alexander Autumn Frost;;//
Alexander Kashev;Xan;//
Alexander Rehm;Thorandor;//
Alexander Ryazanov;Lifeunit;//
Alexander Zimmermann;;//
Alexander Zinner;Zinnhead;//
Alexandre AMIAUD;Xeld4r;//
Alexandre Carvalho;;//
Alexandre Debuys;Shayank;//
Alexandre Girard;Gi;//
Alexandre Mebarki;Moumousse;//
Alexandre Moreira;;//
Alexi Chryssanthou;;//
Alexis Gonzalez;CrazyCraven;//
Alfred Bengtsson;;//
Aliaksandr Bedrytski;;//
Allen Tan;;//
Allon F;Xenx;//
Alma Molinari;;//
Álvaro Del Águila Mateu;Throner;//
Álvaro Lizón Martínez (Lizi);Alvliz;//
Anatoliy Anisimov;;//
Anders Elfgren;Srekel;//
Anders Pettersson;Legolas;//
Andi;dasboe;//
André de Boer;;//
Andre Rõõmus;;//
Andrea Beltrame;MALA845;//
Andreas ;Blackfishgate ;//
Andreas Bakkehaug Mikalsen;Snowmire ;//
Andreas Köhnlein;dragonfly;//
Andreas Rasmussen;;//
Andreas Ricci;;//
Andreas Rönnquist;gusnan;//
Andreas Rump;KiwiTronic;//
Andreas St.;Xerberius;//
Andrei Odue;Androude;//
Andrew C. Dean;;//
Andrew Cockayne;;//
Andrew Cwiakala;Courier6;//
Andrew Hickey;;//
Andrew K. ;Royo;//
Andrew Kern;Fog;//
Andrew Krans;Thalin;//
Andrew McLamb;;//
Andrew Porato;Wayfarer;//
Andrew Silverman;Burt;//
Andrew Steffler;;//
Andrew Styles;;//
Andrew T Maloff;;//
Andrew Thomson;;//
Andy Huynh;Hironi;//
Angel Mandugaro;Mandy;//
Angelina soileau;Atlas;//
Angelo Cione;;//
Anson Hammell;Vintage Mew;//
Anthony C Hamilton;tonytabasco ;//
Anthony de Jesus;;//
Anthony Escasa;evilgouki;//
Anthony Fernandez;Arckreed;//
Anthony Gomez;AverageFro;//
Anthony Previtera;;//
Anthony Scarlata;Joxypo;//
Antoine Renault;Aktane;//
Anton Mahhonin;;//
Anton Malakhov;PixelKing;//
Anton Pototsky;antgraf;//
Anton Skibski;skybsky;//
Antoni Ferragut;;//
António Madeira;madant69;//
Antonio Madrid;OneiriCat;//
Antonio Pastorino;Andou;//
April Weaver;;//
Arka Rosenthal;;//
Arlea Adder;;//
Arlen Proctor;;//
Arne Kaehler;Zurubang;//
Arphid;;//
Arseniy Sukhanov;BepSenator40000;//
Artem Napolskikh;EaseNT;//
Artemiy Kozlov;;//
Arthur Bertozzi;Cybertrex;//
Arto Laine;Rados;//
Asa Hartley;AsaOfHearts;//
Asher Horan;Fennec;//
Ashley gerlach;CatchinAshes ;//
Ashley Hale;LadyHavoc;//
Ashnjack;Heyo;//
August Sönnergren;MeltyruZ;//
Augustine John Keifer;CalamariShogun ;//
Austin Black;DungeonUsurper;//
Avery Crowe;;//
Axel Jürgens;Naagg;//
Axel Merz;;//
Ayden Hooke;PseudoGracy;//
Ayurox Djin;Ayurox;//
Ayuyu Takasaki;;//
B. Ruge;Nopec;//
Baggy Pantalons;;//
Bailey Laviano;Bailey Lav;//
Balázs Bürszem;Raozwire;//
Barl Taylor;;//
Barry Pitcher;CptBeaky;//
Bartek Górski;;//
Bartosz;Selendis;//
Bayushi Shinichiro;;//
Beaker Beakerton;;//
Beau Baggenstoss;;//
Begocakes;;//
Beki Strauser ;Mousey Kireena;//
Ben Bim;Bagarre;//
Ben Fraser;;//
Ben Glazebrook;BOM_Sefir;//
Ben Grassi;MurderousMoose;//
Ben Herron;Rogin;//
Ben W;;//
Ben Wari;;//
Ben White;Shrew the Great;//
Benas Skarstein;SofaCouchGG;//
Benedetto De Lauso;Bendalph;//
Benjamin;benjii00;//
Benjamin Barbier;batman;//
Benjamin Jessat;M0rr1s0n;//
Benjamin Kühnlenz;dmod;//
Benjamin Powell ;Pandamoose;//
Benjamin Schmauss;;//
Benjamin Whorton;BeardedFinch;//
Benjamin Ziebert;;//
Benoit Tousignant;;//
Bernd Born;realpioxx;//
Bernhard Fritz;QtNFluffyBacon;//
Bernhard Meier;Wumpsi;//
Bertus Faber;;//
BeSteel;;//
Bethany Childs;Zerabeth;//
Big-Eared Dweeb;;//
Bill Chandler;Proxima;//
Bill Redpath;Brat Gremlin Energy;//
Bill Weakley;Fonix;//
Billy Dykes;Gurvish;//
Billy Heath;Callmeemin;//
Bjarni Kj;;//
Bjoern Quandt ;Stertallius ;//
BlackSheep;;//
Blaine Eakes;;//
Bo;SilentCrowFox;//
Bo Hernö;;//
Bob Schittone;Elvoc;//
Bobby Bonilla;Pyrrow ;//
Bobby Hiom;;//
Boeringer Rémy ;Paul Tergeist;//
Bogdan Kravchenko;Мистер Гость;//
Bojan Matic;moljac024;//
Boris Dobias;DoBYaH van Oaks;//
Boris Reinis;Lesstat;//
Boris Vigec;;//
Bradley Galbraith;PaxCecilia;//
Bradley Troup;xenoriddley;//
Brandon Corrente;;//
Brandon DeRousse;Mujen;//
Brandon Mesey;;//
Brendan Burke;B.Sting;//
Brett A Bucher;;//
Brett Guth;;//
Brett Yacyshen;;//
Brian Ancliffe;Squizm;//
Brian Buckton;DrKrules;//
Brian Christodoulou;Viralent;//
Brian Cox;Chumpy819;//
Brian D;Salithox;//
Brian Green;;//
Brian Iraheta;Kungfuboom;//
Brian Patterson;BlueBrian;//
Brian Schmidt;;//
Brian Weisberg;;//
Brian Wurtzel;;//
Brice Joly;Valanthyr;//
Brodric Wellington;Brod;//
Brotherman Bill;;//
Bryan Christensen;Yandor;//
Bryan Ramirez;;//
Bryan Sullivan;Sully;//
Bunthoeun Tim;Tune ;//
C. Robert Stevens;Jadbalja;//
C.R. Brandon;Fenway5;//
cabalist;;//
Cahuani Langreda;;//
Caldararu Andrei;Assterics;//
Cale Pennington;vengefulpickle;//
Caleb Stratton;Shadowwalked;//
Callum Kennaway;Smrt;//
Cally Mitchell;;//
Calus;;//
Calvin Harlow III;;//
Calvin Nguyen;;//
Cameron John Fields;;//
Cameron Yourist;;//
Camp;TheTrueShazKing;//
Carey Williams;;//
Carl Needham;Carne Perin;//
Carlos javier ruiz Sánchez;;//
Carolin Hoffmann;Blokkfreak;//
Cayde Woods;;//
Cedric Williams;Justar;//
Cenk Aslan;Skysect;//
Chad Breeden;;//
Chad Doyle;Draithe;//
Chad Laidlaw ;Stockworth;//
Chad McMann;;//
Chad Payne;illmatix;//
Chance Davis ;Phoenix66;//
Charles Comtois;Casque;//
Charles Lynch;CS1;//
Charles Middleton ;Mighty;//
Charlie;Lynchy;//
Charyse Gonzalez;;//
Chase Hiatt;Erobreren;//
Che Sean;DMNSN;//
Chen Ashkenazi;;//
Cheng Yi;@MrFatso@@GBATemp@;//
Chet Sze;;//
Chimpo;;//
Chris;mathwhiz1023;//
Chris;;//
Chris;Lvl387;//
Chris and Rebecca;;//
Chris Beltzner;Ashbrazier;//
Chris Benzon;Crispy;//
Chris Cornish;Cadimus;//
Chris D;;//
Chris Eaton;Agnati;//
Chris Frazier;;//
Chris Gibson;gibson439;//
Chris Gier;AggroHound;//
Chris Goad;Sirnubsalot;//
Chris Hebda;;//
Chris Lacy;Motive313;//
Chris Longhurst;;//
chris m;Shadowshamrock2;//
Chris Sommer;Ragnar Rotwind;//
Chris Tran;;//
Chris Zito;;//
Christian Brodeur;;//
Christian Broström;;//
Christian Gürnth;;//
Christian Hofmann;;//
Christian K Schaller;;//
Christian Lajoie;;//
Christian Lu Bel;KageSenko;//
Christian Roedel;ChitaDX;//
Christian Schlecht;Pesti;//
Christian Schulte;Spike1423;//
Christian Shea Machner;;//
Christian Thomas ;bsgStarbuck;//
Christine Chen;;//
Christopher Buckler;littlebloke;//
Christopher Delvaux;KristoferLeGeek;//
Christopher H.;Graf Maga;//
Christopher Kraushaar;Stopfer;//
Christopher Rowana;SNizZZ;//
Christopher Weiß;Iruini;//
Christopher Wijkström;SCAMED;//
Christopher Wong;vaeiou;//
Christopher Yang;INK;//
Clara "Femsynth" Silva;;//
Clara Silva;Femsynth;//
Clarence Lemieux-Simard;Wolbu2;//
Clément Laugraud;LesLemmings;//
Cody Campbell;;//
Cody Krueger;ImposterCure;//
Cody Marbach;;//
Colin Harvey;Capper Deluxe;//
Colton Dececco;;//
Connor Bates;;//
Corban Caldwell;;//
Corwin F. Dodd;BS-Summit;//
Cory Sanchez;Mr. Coffee;//
CountHavelock;;//
Craig Hackl;;//
Craig Chouraki-Lewin;;//
Craig Marshall;Marshall;//
Craig Rooney;Spidey;//
CrazyM0de;;//
Crendall Kinard;CJ;//
Cris Egger;CaptCPU;//
Cuco;;//
Curtis H Cimini;Big Boy;//
Curtis Maddix;Ender333;//
Cyril Diers;bigdi687;//
Cyril Monty;Kyrios;//
cyril morlighem;;//
D Bickhart;;//
Dalai;;//
Damian Sadowski;Ayin;//
Damiano Mauro;;//
Dan Banach;;//
Dan Emmerson;;//
Dan Fryer;Frybeans;//
Dan Lee Eddins;;//
Dan Salenger;;//
Dan Scott;Cmdr C. Henparty;//
Dan Townsend;;//
Dan Zia;;//
Dane Neuenswander;;//
Dang Q Nguyen;;//
Daniel;VoightKampff ;//
Daniel;Dol;//
Daniel;sigmacreed;//
Daniel;Merathor;//
Daniel Ajomale;DOA;//
Daniel Artasu;;//
Daniel Bungert;Gedracon;//
Daniel Castro;Aishman;//
Daniel Christian Hansen;;//
Daniel D Magnan;;//
Daniel Gunner ;Gunnalol;//
Daniel Hafeneder;greenpowa;//
Daniel Hamilton l;Doppelgänger;//
Daniel Malmgren;Spideysense;//
Daniel Miś;Sill;//
Daniel Moroz;MorDan;//
Daniel Szodruch;;//
Daniil Devyatkin;Dil_Den;//
Dante D.I.;;//
Danus Appmann;die-axt;//
Darin Berger;Syzygy027;//
Dario Duranti;Slackware;//
Dario Villaccio;Azy;//
darren burnett;zdsdead;//
Darren Davies;Bastet;//
Darren Hart;;//
Darren Hebert;Singularety;//
Daryl Markey;;//
DatHowell;;//
Dave Hopman;;//
David Alvaro;Altranido;//
David B Marks;Calibrex;//
David Bettencourt;Azroix;//
David Bodude;Rocc;//
david boulton;walkerredeye;//
David Brender;;//
David Cox;;//
David Fleckenstein;;//
David Gaynor;;//
David Georges;BloodScourge;//
David Hambrick;;//
David Hill;;//
David Iain Dawson;;//
David Lawton;;//
David Leffew;gatherer818;//
David Malagoni;deiv;//
David Matney;;//
David Mussan-Levy;Mookie;//
David Navarro Bohorquez ;Valentes;//
David Neumann;Farodered;//
David Paine;;//
David Real;smvid4;//
David Samson;;//
David Sivocha ;Daelach;//
David Teach;;//
David Wood;Fellhanded;//
Davide Ghini;Furyo9;//
Debris Gautier;CuPeD;//
Delicious Big Things McMahon;;//
Dene Foran;;//
Denis D. Dogan;Dogi;//
Denis Infanger;COOLSerdash;//
Denis Potapov;Darsa.Usalo;//
Denna;;//
Dennis Hayden;SleepKing;//
Dennis Kurella;Whiteno1;//
Denys;MDN;//
Derek Burkeen;;//
Deventy;;//
Devlin McMaster;;//
DevonG;;//
Dick Blasters;;//
Diego Diaz Engel;;//
DIEGO F.;Raz3rD;//
Diego Hermoso Buenavida;Lyroth;//
Dillon Richardson;unshavendillon;//
Dimitrij Samaschka;DarkDragon20X;//
Dimitry Beliavsky ;Invictus;//
Dino Zajmovic;Aszhune;//
Dipanjan Sarkar;DJ;//
Dirk;Nao;//
Dirk Blech;Sargon;//
Dirk Schlobinski;;//
DJ Chan;Fatcows;//
Dmitrii Tretiakov;Csahes;//
Dmitrijs Mincengofs;GearHeart;//
Dmitriy Yatskov;Arioh;//
Dmitry Zabirov;dyatil;//
Dmytro;fob;//
Doljuk;Gogall;//
Dominic Ontiveros;Malferra;//
Dominik;Dom;//
Dominik Schmeckpeper;Kiyo;//
Dominique Tremblay;;//
Donnie Ewald;;//
Donovan Hurter;;//
Doud;;//
Doug Schnur;Dougal;//
Douglas Chuck;Ezrazmathus;//
Douglas Henrique Buzeti Florido;Crascaroth;//
Douglas P. Fields, Jr.;;//
Douglas Purser;Doug;//
Dr. Ardrey;At.Doctor.Game;//
Dragoler;;//
Dred ZeRed;;//
Drew Perkins;;//
Drew West;;//
Duc Scheel;Tinex;//
Duncan Chua;Dumpcany;//
Duncan Galea;;//
Dustin Lippert;Xauclard;//
Dustin Pundt;;//
Dustin Sawyer;GuardianZealot;//
Dwayna;;//
Dweomer;;//
Dwight McDowell;dowaito;//
Dylan Camp;;//
Dylan Fiorucci;Frooch;//
Dylan Thompson ;Tsk ;//
Eda Altuner;;//
edward entwisle;Baldbrad999 ;//
Edward Newcome;Ed;//
Edward Schwering;Eddie;//
El Berloi;;//
Elias Zech;;//
Elicious;;//
Elijah Cheatham-Johnson;Disaster192;//
Elijah Gadbois;blueknite;//
Ellathios Antoniou;;//
Ellen McDonald;;//
Ellis Friedman;Kolar Freesmith;//
Emanuel Garon;FRB-Monte;//
Emil Kvist;Nezzlorth;//
Emil Lundmark;Erebril;//
Emil Petersen;Thazhar;//
Emmanuel Dempuré;ElderKat;//
Emriel;Emriel ;//
Enrique Cantillo;Araq;//
Enrique Santollo;;//
Eoin Noble;;//
EP Eriksson;;//
Eric Bergstrom;;//
Eric Cunningham;;//
Eric Levesque-Saumier;;//
Eric Moffitt;;//
Eric Moyer;Reyom;//
Eric Olinger;EvvL;//
Eric Payawal;;//
Eric Ryder;Erlioth;//
Eric Savadian;;//
Eric Wei;Raptor151;//
Eric Wisheropp;;//
Erich & Trent Biddle;;//
Erik Bergqvist;;//
Erik Grönlund;Potatispress;//
Erik Melen;;//
Erusius;;//
ERYFKRAD;;//
Etelközi Timea;;//
Ethan Harp;Basen00;//
Etienne MERIC;IkarTchen;//
Eva Müller;takepon_;//
Evan Ellis;Hopefulzero;//
Evan Hoadley;;//
Evan O.;Kevin;//
Evan Pattie;Narragnarock;//
Evan Raynor;Mephistoau;//
Everar Provosa;;//
Ewan Keefe;Herman you were a great cat! ;//
Ezcorp Levanon;;//
F Anderson;;//
Fabian Yves Spicher;;//
Fabien Pauchard;Goudhamer;//
Fabien Pradelle;Luc(as+ie);//
Fabio Spaziani;Boddah;//
Fabrício R. Romano;;//
Fairfax Black;;//
Falco S.;.askeo;//
Falk Flottrong;;//
Fat Douglas ;Paul Flart ;//
Federico J. Andreis;;//
Felix Eisenbauer;Fibo;//
Felix Liese;SlothLife;//
Félix Villar González;Fvalley;//
Ferdinand Joseph Fernandez;Anomalous Underdog;//
Fernando Aguiar-Guevárez;Nando;//
Fernando Keil;;//
Filip Biörsmark;;//
Fl47;;//
Flávio Stresser;Flasa;//
Florian Marinier;0lyn;//
Floris Asche;Flossi;//
Floyd Rehn;Blazirius;//
FND;;//
Folke Gustafsson;eklof;//
Fran de la Rosa;;//
Francesco Esposito;Shinjica;//
Francis Laquerre;L'âne;//
Frane Ivasovic;PifMeister;//
Frank Behrens;;//
Frank Schwippe;;//
Franklin M Barrientos;einhager;//
FrankS;;//
František Szivanyó;LordSipher;//
Fred Cases;;//
Frédéric Prenot;Akitatave;//
Frodderick;;//
FroG;;//
Furbish J. Clay;;//
Gabriel Arenilla Seco;Kaiyaran;//
Gabriel LeBlanc;QuixoticAspect;//
Gabriel Lett Viviani;;//
Gabriel Liu;Gabriel ;//
Gabriel Roth;Bai;//
Gabriel Trujillo;;//
Gabriel Willemsen;BadToken;//
Gabriele Baffoni;Almeric;//
Garrison Creek;Falling Frogs;//
Gary Cheung;;//
Gauthier Janssens;Walfhari;//
Gene Wong;Ataraxias;//
Geoff Oki;GoKid;//
George Cummings;Nevarus;//
George Edwards;XxKingGxX;//
George Krutous;;//
George M;;//
Georgios Sachsamanis;Peperonis;//
Gerald S;@@@gerosan@;//
Géraud DOUHAIZENET;EuNuQuE;//
Gerhard Bruckner;Saruar;//
Germàn Costabel;Scire;//
GHostLPs;;//
Giacomo Russo;Giako;//
Gideon van der Velde;Gimanos;//
Gilbêrt Dumont;BIOCHEM1STRY;//
Gilles RS;Morg;//
Ginko;;//
Giulio Polvani;Hallanor;//
Giuseppe Zeuli;SerPe;//
Glenn Tillema;;//
Glug Bugaluglug;;//
GoatProphet;;//
Gonzalo Carpintero;;//
Gotz;;//
Götz Riedel;Mr. Sphynx;//
Graeme Tolley;Rickshaw;//
Grandy Peace;Peacedog;//
Grant Krahling;;//
Grant Mathis ;Hyliaeon ;//
Greg Adkins;Fritopunk;//
Greg Frazer;Mr.Grimm of Walking Corpse Syndrome;//
Greg Myers;Scorpio;//
Greg Pugh;;//
Grégory Brugnot;@Cat@@falk@;//
Gregory Hebert;Blunderbuss;//
Gregory Morningstar ;leon mandizard ;//
Gregory Pullinger;Philosopherpoet;//
GRELAIT Christophe;Kragor666;//
Griffin Jones;Gallant_Gryphonics;//
Grigoriy Murga;Dakion;//
Grzegorz Landowski;Kompot;//
Guanqun Gai;Bardiche;//
Guauguau;;//
Guerric Haché;;//
Guersant;;//
GUIDO Loïc;;//
Guillaume Milet;Hywood;//
Gunthure;Gunth;//
Haecky;;//
Hajime Ueno;goose-sdw;//
Halvor Skålid;Gjerdesmetten ;//
Hanniel;;//
HappyWulf;;//
Hardyson Chen;Shades;//
Hayden Parthenay;Parthhay;//
Héctor Moltó;Edirash;//
Heinrich Löwe;Heiner;//
Helder Paraense;Heruderu;//
Heli Miranda Ahumada;Heliahu;//
Henning Kasper;Sysaroth;//
Henri Hakl;;//
Henrik Brekken;;//
Henrik Persson;Viking;//
Henrik Polke;Watermel0wned;//
Henrik Reimer;Legion;//
Henry Cohen;;//
Henry Greymourne;;//
Henry Mabazza;Curse Love;//
Henry Povey;;//
Hidetaka Nakazawa;Kai;//
Hugo Aimonetti;;//
Hugo Braam;;//
Ian Draper;Captainpugwashe;//
Ian Malcolm;Fitrillian;//
Ian Morley;<-----Morlock5K----->;//
Ian-Olivier Bergeron;ianob82;//
Igbert;;//
Ignacio Salazar Williams;Skayer;//
ik Barjot;ikBarjot;//
Ilia;DeksCracker;//
Ilya Bossov;Oakblade;//
Ilya Trufanov;Kealkat;//
Ilya Yakovlev;Krofes;//
Iraide Diaz;sharem;//
Isaac;DONALDTRUMP2020;//
Isaiah Atkinson;EyeSayUgh;//
Ismael Escobar Pérez;Cachalof;//
Ismael Martinez;Ish;//
Ivan Cherkez;Skysmoker;//
Ivan Dadekin;;//
Ivan Gutierrez-Rivera;;//
Ivan R. Alonso;;//
Ivan Rezende;;//
Ivan Terekhov;Kricto;//
Ivan Zhechev;ijan1;//
J. Scott Morrison;JoScoMo;//
J.A.;Hericide;//
Jacek Klodawski;;//
Jacek Miszczak;;//
Jack Hepburn Raine;;//
Jack Kirk;;//
Jack MANE;Swindlerie;//
Jack U. Flores;King;//
Jackson;Actionjack;//
Jacky Lu;AFKNinja;//
Jacob Clark;Moses;//
Jacob Herold;Herold;//
Jacob Lee;;//
Jacob Smith ;Hibo;//
Jacob Spjut;Yarin;//
Jacob_Po-lski;;//
Jacqueline Lee;Papersaur;//
Jade Chung-Lee;Shikikan_Dawn;//
Jadryan McLain;JJSky;//
Jaewook Lee;Lua;//
Jai Levey;Curzek;//
Jaime;Thorin;//
Jakub Żak;Laughter Lenon;//
James Batchelor;Dredcor;//
James Bell;;//
James Briggs;;//
James Clarke;;//
James Kerr;Argick;//
James Kessler;Vice;//
James Knight;J ~ SirCrazyNugget ~ K;//
James Mackin;Sketch;//
James McNeely;JamesMcNasty;//
James Paridaen;Pelgrin1506;//
James R. Slanina II;Eatpancakes;//
James S Beckman;;//
James Vergara ;Jav0r;//
Jamie R. Van Doren;DarkFox Media;//
Jamie Stephen;StickyMouse;//
Jamin Robinson;;//
Jan Halwe;Erki;//
Jan Holtrichter ;MarkBrandis;//
Jan Strzelecki;Kazeite;//
Jan-Peter Thomsen;;//
Janine Buehl;Putze;//
Janne Viljanen;MinikuiOni;//
Jared;The Toaster Thief;//
Jared Boring ;Cali Commuter ;//
Jared Meyers;CmndrBunbun;//
Jared Michrina;;//
Jason Behret;Licos;//
Jason Blackmore;;//
Jason Buisman;;//
Jason Calvert;;//
Jason Cunningham;Thyles;//
Jason Curtis;;//
Jason Dora;;//
Jason Kim;;//
Jason Lunceford;Loki;//
Jason Marshall;;//
Jason McCoy;;//
Jason Moore;Pudash;//
Jason Paquette;;//
Jason Pettine;;//
Jason Templeton;;//
Jason Zahradka;;//
JasonofArgo;;//
Javier A Turcios;Clumpz;//
Javier Naranjo;;//
Javier Romero;Shadow;//
Jayden Bolzon;Jaydelele;//
Jaye Donaldson;;//
JB Webb;Aurara;//
Jean Charles Brun;Charly;//
Jean-Louis Couillard;Wicking;//
Jeff Robinson;;//
Jeff Russell;DarkSol;//
Jeffery chung;;//
Jeffrey Bismayer;;//
Jeffrey Campbell;;//
Jeffrey Taylor;;//
Jenna L.;;//
Jennifer Rigby;;//
Jens Hägglund;Baconpenguin;//
Jeremiah Hahn;;//
Jeremy Butler;Drochaigeant;//
Jeremy Corbyn;;//
Jeremy DuBois;Deadly;//
Jeremy Laurisch;xmanzerg;//
jeremy magnien;slyve;//
Jérôme.D;;//
Jesper Nøhr;Gouldblum;//
Jess Thurber;;//
Jesse James;jworksuk ;//
Jesse Rahikainen;;//
Jesse Reed;Allen;//
Jesse Stang;;//
Jesse Tienda;D9sinc;//
Jesse Waryck;;//
Jesse Yanes;Jman;//
Jessica Brantley;;//
Jesús Pinto Cruz;;//
Jhonyb TheDjinn;;//
Jilo & Winter;Winter;//
Jim Evans;;//
Jim Peters;;//
Jimmy Stormborn;;//
Jiří Zeman;Blizzy;//
JJ H. Poignant;Illis Draklaw;//
Joachim Ziebs;TexJoachim;//
Joacim Backlund;ZeueZ;//
Joakim Andresen;Lord Kuntmore;//
Joakim Söderberg;;//
João Emmanuel Bastos de Assumpção;Jão;//
Joaquin Enrique M Quijano;Joaqsz;//
Joe Karr;Volanir;//
Joe Saint;;//
Joe Sparacino;;//
Joel Ryan;MicroChasm;//
Joel Wynn;;//
JoGri;seven0dee;//
Johan Nyman;Blaeed;//
Johan Olsson;Jool333;//
johannes Knudsen;Godspell;//
John & Andrea Wiethorn;;//
John C. Pedraza;Sword_Garden;//
John Cantrell;;//
John Cuchta;BadlandsJohn;//
John Cyrus Gilbreath V;;//
John Drummond;JoHNnY DaNja;//
John Freeman;;//
John Green;;//
John J. DAngelo;Red Djinn Productions;//
John Löfvenius;GamerMind;//
John Shannon;;//
John Sims;John "Xepoleas" Sims;//
John Suratos;Noodles;//
Johnathan Smith;;//
Johnny "Woodchuck" Coia;;//
Johnny Budwiser Coutant;Spud;//
Jojo1er;;//
Jon Baker;;//
Jon Nolan;;//
Jon Weber Jr;;//
Jonas Awan;Grid;//
Jonas Schumacher;Smilor;//
Jonas Verhaevert;NobodyYouKnow;//
Jonathan "Buddha" Davis;;//
Jonathan C Sepulveda;Puerto Rico;//
Jonathan Kessel;;//
Jonathan Legaspi;HeroLoto;//
Jonathan Lloyd;Sir_knight_meow;//
Jonathan Malcolm;Turbaniser;//
Jonathan Mudde;Peasant Management Consultant;//
Jonathan Sellman;Big Balls;//
Jonathan Stephenson;;//
Jonathan Todd Kruger;;//
Jonathan Vidal;MonkeySenior;//
Jonathan Wright;;//
Jop Peeters;MuriBuri;//
Jordan Hampton;BalrogTheBuff;//
Jordan Karlsruher;;//
Jordan Tirli;;//
Jorge Mercent;;//
Jose Angel Hinojosa Gaytan;ElValiente;//
Jose Cantu IV;Mushra4442;//
Jose Montesinos;Monty;//
Jose Pedro Muñoz Martínez;NanthroX;//
José Rojo;ReD69;//
Josef Dubec;Kuffenbach;//
Joseph Reyes;Thugjitsu;//
Joseph Wray;;//
Josh Allen;;//
Joshua Besaw;;//
Joshua Cater;;//
Joshua dos Santos;;//
Joshua Hislop;FeatherQuill;//
Joshua Rainey;;//
Joshua Williams;Sefter;//
Joshua Workman;;//
Journot;;//
JPP;;//
JSP;;//
Juan Pablo Escribano Santana;;//
Juergen Graebner;;//
Julia Bassmann;Fiana;//
Julia Podszuweit;;//
Julian;OwO;//
Julian Belcastro;SpiderMafia;//
Julien Klais;Bonhomme;//
Julien N;Arcanne;//
Julius Clemens Staginus;Samus;//
Julius Kelly;;//
Jung Dong Woo;koolpis;//
Junya Fukuchi;;//
Jurand Krobicki;Emezar;//
Justas;RedZiro;//
Justin ;JeiMage;//
Justin Feld;The Jizzler;//
Justin L;Whereami;//
Justin L;;//
Justin Manders;Kahil;//
Justin Porter;;//
Justin R Claspill;Lonig;//
Justin Roy;;//
Justin W Barker;;//
Justin Yeo;;//
Kacper Maciejewski;Flanowski;//
Kai POPPLEWELL;Nera;//
Kailang Ye;Chris;//
Kalle Turunen;;//
Kamil Kidziński;Kidzin;//
Kamil Sobania;kaes;//
Kammi Davis;Katsumi;//
Kang Wan Wei;WW;//
Karl Grund;;//
Karl maly;;//
Karl Weik;TetraByteWike;//
Karol Rýznar;;//
Karol Tochman;Toszi;//
Kasper S Olesen;Caldor;//
Kassem Matar;Kass;//
katekyonni;;//
Katon Gerky;Evilsauce;//
Kauthar Tung;;//
Kay Elspas;;//
Kayla Peterson;Kayla Darkfire;//
Keith Lavelle;Elleval;//
Keith Linfoot;Draaven;//
ken Haines;;//
Ken Nagasako;;//
Kenneth Brock Watson;Vamprechaun;//
Kensh;;//
Kenth Söderholm;;//
Kevin Gallagher;Exmorte;//
Kevin Harris;VitaminK;//
Kevin Hong;Habanero;//
Kevin Lowell;;//
Kevin McKibben;;//
Kevin van der Oord;Wellardington;//
KEVIN WOODHEAD;;//
Khalus Akuhei;;//
kieran;;//
Kieron Stoff;;//
Kikapete C.Zezus;;//
Kilian Gonzalez Gomez;;//
Kim Schauss;Kawuezel;//
King Roost;;//
Kirill Ivanov;kasiii;//
kiyong eom;kyium;//
Klaus Mayerhofer;kalus rodriguez;//
Kobzord;Kob;//
Kolbeinn Valur;Koji;//
Konrad Entner;Kaspar Orange;//
Kraven Lupei;;//
Kris Butler;KRiSX;//
Kris Herkenraad;M.A.D.D.;//
Kris Watts;UncleDozer;//
Kristian Lee;UnholyModo;//
Kristian Pilegaard;Kralle;//
Krystian Jażewicz;;//
Kucabara;;//
Kurt Jaegers;;//
Kurt Rauer;;//
Ky Gurasz;;//
Kyle Brock9;;//
Kyle Kelley;Don Dingus;//
Kyle Lindsay;;//
Kyle Schmidt;;//
Kyung Min, Kim;oswardfish;//
Lacombe Tim;;//
LagunaXD ;;//
Lane Castleberry;;//
Lapo Scacciati;;//
Larry Dorsey ;Daddygotgun ;//
Lars Westergren;;//
László Fáki;Ragsa;//
Lavar Hinton;Volconon;//
Lawrence Borba;GingyGinger ;//
Lawrence Greco;;//
Lax Joosten;Agt Vat;//
Lee Mar;;//
Lee Seung Hyun;Lubi;//
Lee&leo;Pyroceis;//
LEHAUT Fabrice;;//
Lekkad Bioforst;Lekkad;//
Leo Bullimore;;//
Leon Chia ;;//
Leon Kwiecinski;nulltrooper;//
Leonard Stafford;SmegInThePants;//
Leonidas Argyropoulos;Darius Bane;//
Leprechaun83CGN;;//
Leslie L;leeisl;//
Lester Leo;Fillet;//
Lewis Carter;Sanans;//
Liam Hallberg;Tairuu;//
Liam McLaughlin ;;//
Liam Wilson ;;//
Lian Barry;Larkian;//
licorine;;//
Lil' Boy;;//
Linus Ko;Hozuki;//
Lisa Glasgow;APerfectCircle;//
Lluís Galera;Skaven;//
Logan Bloeman;TheDuoDesign;//
logan bolitho;warriormage33;//
Loïc Devaux;;//
Lon Bench;Londemonium;//
Lonnie Smith;The Captain;//
Lootens Steven;Krakehz;//
Lord Buddy Supreme;;//
Lost Buttons ;Lost Buttons;//
Louis Charbonneau;;//
Louis-Michel Lebeau;;//
Luc Odorico;Cristalios;//
Lucas Lanzalone;Cartoonhero;//
Lucas McBride;WillyMcBride;//
Lucas O.;AngryPup;//
Lucian Hughes;Luke;//
Lucky Laszlo;;//
Ludovic Biernaczyk;Raven;//
Luiz Otávio Orzari;;//
Luka Gams;;//
Luka Miklić;Rigobert;//
Luka Parascandalo;RunWTheWolves;//
Luka Weipert;Throin;//
Łukasz Lizoń;Eliacho;//
Lukasz Pawlak;Tenshi;//
Luke Perrin;Grifreaper;//
Luke Pomeroy;;//
Luke Tornquist;Cherubin;//
Lusipher ;;//
Lykary Northstar;Lykary;//
M.Drake;;//
maathyas;;//
Mabec;;//
Maciej Ruchniak;robau;//
Maciej Więcław;Bozyrys;//
Mack Wick;;//
Maclin Sweeney;;//
Maelven Maelstorm;;//
Magican;Magican (The red hood);//
Magnus Rosenqvist;;//
Maik Dobbermann;;//
Mallorn;Fifteen chute crabs in a trenchcoat;//
Malte Michel;;//
Malvasius;;//
Manuel Mateos García ;Nerzhul13;//
Manuel Vidonis;;//
Manuel Wieser;Egon;//
Marc Bacher;Axtasa;//
Marc Castells i Güell;Castlemark;//
Marc Fernandez;Marct;//
Marc Savard;;//
Marcel Bremser;Master7x;//
Marcel Preissler;Youkai;//
Marcel Weiden;;//
Marchenko Denis;WannaDie;//
Marcin Kozlowski;Mardoc;//
Marco Enni;;//
Marco Wegner;Acrolyt;//
Marco Weigel;-Spooky-;//
Marcus Franke;Comradin;//
Marek Benes;;//
Marek Borkowski;BlackthornPL;//
Marek Joukal;Jouki;//
Maria LoCastro;Raigne;//
Marielle;TenshiMari;//
Marino Sergo;MadBeard;//
Mario Liebisch;;//
Mario Weissenborn;Coolman;//
Marissa Kawinski;;//
Marius Swanepoel;Cuddlefish;//
Mariusz Kolak;;//
Mark Barr;;//
Mark Bushee;LazyBuddha;//
Mark Calsita;Ephenesien;//
Mark Featherston;Whichammer;//
Mark Huerta;;//
Mark Kowaliszyn;;//
Mark Sammaritani;MasterlockRSM;//
Mark Story;tehMati;//
Mark Wolff;;//
Mark Xu;;//
Markku Kokko;Mastadoc;//
Marko F;Ixerosss;//
Markus Goldschmid;Stranger;//
Markus Gschwind ;Markus Aurelius;//
Markus Laurila;;//
Marla A. Barker;;//
Marsilio;;//
Martin Daudelin;Papouska;//
Martin Ender;Menderbug;//
Martin Fink;Jorval;//
Martin Grethlein;;//
Martin Grün;;//
Martin Lessard-Bond;;//
Martin Nyberg;Deyja;//
Martin Schefer;Martoblob;//
Martin Steenholdt;;//
Martin Tuxen Grandeville;GrandDevil;//
Martin Woodard;;//
Marverin;;//
MAS;;//
Masashi Hoshino;AmirBSK;//
Massimiliano Donatiello;Phate;//
Mateusz Kempiński;Majoj;//
Mateusz Krzyżek;ReitNine;//
Mateusz Pondo;;//
Mateusz Smyk;Tallandril;//
MATHEUS AMORIM;;//
Matheus Filier;Pecus11;//
Mathias Florenz;Fuu;//
Mathieu Aria;Mathosse Fëadur;//
Mathieu Lavoie;freezeman42;//
MatrixPerv;;//
Matrolen;;//
Matt Bailey;;//
Matt Carpenter;ReiuverBlue;//
Matt McCoy;;//
Matt Ritchie;Cynapse;//
Matt Scartozzi;ThewDev;//
Matt Sobolewski;Bugg;//
Matt White;Shadowbow19;//
Matteo Borsa;Hyracul;//
Matteo Molnar;Madlore;//
Matthew Brong;;//
Matthew Giddings;Lrdcthulu;//
Matthew Harmon;freshmeat;//
Matthew J Glafcke;Matthew Aragorn MJG Glafcke;//
Matthew K;Matt;//
Matthew Ley;9thimmortal;//
Matthew Pope;;//
Matthew Simon;P0wnzaur;//
Matthew Swiftler ;Paté ;//
Matthew Wallace;J Wall;//
Matthew Williams;Sprocket;//
Matthias Guenther;;//
Matthias Lange;Zeadorn;//
Matthias Weiß;;//
Matthieu ACHARD;0cto;//
Matthieu Saubin;;//
Max Elmgren;MadMax;//
Max Grant;Arcfalt;//
Max Kielland;;//
Maxim Ivanov;EagleFate;//
maxim kalshin;Mays;//
Maximilian Wolfgang Niver;;//
mcfadds1;;//
McStaby;;//
Megan Paisley;;//
Mel Gallus;;//
Melissa Cloud;;//
Menai;;//
MheeSIEE;;//
Michael Chan;NullStudent ;//
Michael Collins;Righteous;//
Michael DeAngelo;;//
Michael Flores;El Flores;//
Michael Florian;;//
Michael Gentry;Ovaltine;//
Michael Girten;LilMike;//
Michael Hasslacher;Feanur;//
Michael Hodge;Flashback_Jack;//
Michael Hodgson;Buzz;//
Michael Jones;MJ;//
Michael Lechner;Mykhal;//
Michael McEachron;Nortain;//
Michael Morphet;;//
Michael O;Motoki;//
Michael Perrone;Lasor;//
Michael R Withers;;//
Michael Rakowski;;//
michael ross;mickross;//
Michael Schuster;Augustinius;//
Michael Sewell;GoliathOnline;//
Michael Snook;;//
Michael Sorensen;;//
Michael Wieczorek III;;//
Michał Cygan;Cygan;//
Michał Krzyżosiak;Zaratul;//
Michal Valvoda;Blue;//
Michel;Splatterwolf;//
Michel Haller;Healerz;//
Michel Huber;Meliodas;//
Michelle Taylor;ChessyPig;//
Miguel Carlo Calpito;Migs;//
Miguel Osorio;Kelvur;//
Miguelz Castaneda;;//
Mihai Man;;//
Miika K. Ahonen;;//
Mike A. Weber;;//
Mike Bosken;Fain;//
Mike Haney;;//
Mike Haugland;;//
Mike McGlumphy;McGlu;//
Mike Mudgett;;//
Mike Nieskes;;//
Mike Verdon;Overlord Shadow;//
Mike Wilkes;CallMeMrHam;//
Miksa;;//
Miloslav Leščinský;Elolim;//
Min Hao Shih;fuhrershih;//
Minakami Takaki;Lord = Soth;//
Mitch Rabbitt;;//
Mitchell Horne;;//
Mitchell W;;//
Mohamed Elsherif;Reaperzero;//
Mohammed S;mib452;//
Monica Oviedo;Himi;//
Monier Rachad;Motaleya;//
Monolith Preacher;;//
Mordroc Tamesky;;//
Morgan Gill;Noblesse;//
Morten Buhl;;//
Mortifus;;//
Mothra Kong;;//
Mr Aurelien Castel;Kapsulekaps;//
Mr Caleb Johnson;;//
Mr. Paper;;//
MrGibberling;;//
Muhammad Fizli;Maverick Francis;//
N.K.;DopeTeufel ;//
Nakorn-David Johnson;David J;//
Nate "choder" Spravzoff;;//
Nate Hedberg;Haebryt;//
Nathan Abbott;Towelie82;//
Nathan Firth;Enef;//
Nathan Graf;NayNay;//
Nathan Kleinschuster;;//
Nathan Lewis;DeviousCrypto;//
Nathan Mousa;3antar;//
Nathan Sivertsen;;//
Nathan Streeper;;//
Nathan Tice;;//
Nathaniel Malcolm;;//
Necdet Orkun Osken;OrKhun;//
Neill Hennessy;Ginger;//
Nepeta;Xorph64;//
Nguyen Huu Bao Kien;;//
Niall Boyd;;//
Niall Fegan;Nephusis;//
Nicholas Cline;;//
Nicholas Czapla;ChopperTime;//
Nicholas Guttenberg;;//
Nicholas Williams;Trunkmonkey;//
Nick Bennett;Nick;//
Nick Delarosbil-Huard;Alienmen;//
Nick Kilburg;njotr;//
Nick Kline;;//
Nick Serras;Panda Roux;//
Nick Stamelos;;//
Nick Tarry;Neekolahs;//
Niclas O‘Connor;Farami;//
Nico Gilfert;;//
Nico Lachmann;Firkraag;//
Nico Treude;Zhar;//
nicola cappelli;Cappe;//
Nicolai Østergaard;;//
Nicolas Mignon;;//
Niels Sellies;Keda;//
Nigaise Thibault ;Kofer ;//
Nigel Said;;//
NikBunt;;//
NIKITA LEVIN;Dragonelion;//
Nikita Slashchev;Masleena;//
Niklas Raunio;;//
Nikolai;Mr. Bones;//
nikolai chesnokov;White_Smoke_72;//
Nikolay Romanov;Kezarbash;//
Nikolay Smagin;Algried;//
Nikolis Asimakis;Zaratoth;//
Nils;Loupo;//
Nils Landt;NineInchNils;//
Nitit Asawanuchit ;piao;//
Noah Vancil;TrulyConfused;//
Noaman Touil Sarhani;Mashaja;//
Noj K;Skuzzzy;//
Nontawat Thanakiatkrai;XsiChan;//
Noparg;;//
Norman Lam Sai Poh;;//
NSitar;vanDouchen;//
NullSkills;;//
o_cRaM;;//
Odd Arne Nygård;Emoteph;//
Odin martinez López;0diin;//
Odrogobar;;//
Ole Ciliox;rsxole;//
Oleg Fedorenkov;KuRoGaNbl4;//
Olgierd Orlikowski;;//
Oliver Malter;L0nes0meX;//
Oliver Neidorf;NEO;//
Oliver Robertson;Misophist;//
Olivier Pagnan;AntHr4X;//
Onur Rasna;FamiliarKnight;//
OpenMicLePhone;;//
Oren Marcus;;//
Organ;;//
Orinela Selnya;Ori;//
Ormstrup;Tremin;//
Oscar Bergström;;//
Otto Quenzer;Quarzis;//
Oyeatia;;//
Panagiotis Pappas;Zakey;//
Panzer Ghost;;//
Pascal Bebek;CyclopsFear;//
Pascal Daniel;Necral;//
Pascal Sibold;;//
Pat Evans;Rulke Silverhide;//
Patrick;Static;//
Patrick Alty;DreDa59;//
Patrick Berlinger;;//
Patrick Galipeau;RicketyRick;//
Patrick Gatt;Leadbelly;//
Patrick McCormick;Mick;//
Patrick Mercé;Dyn;//
Patrick Morgan Rudbøg;Hookler;//
Patrick Poulin;El Grande Fuetö;//
Patrick Williams;;//
Patrick Willoughby;;//
Paul Conlon;DeWulff;//
Paul Cooke;;//
Paul Dillinger;Kallussed;//
Paul English-Wolfe;‘Lance’;//
Paul Graves ;Gungraves ;//
Paul J Veldhouse;;//
Paul Kim;;//
Paul Leazar;Hailtothechimp;//
Paul Stenton;a1chemist;//
Paul Taylor;Karadok;//
Paul Yasny;ClassyBeard;//
Paul-Antoine BELARD;Paulyeah;//
Paulatai V Sevelo;;//
Paulius Bartkevičius;Pawlys;//
Paulo Cesar Maia;;//
Paulo Roberto Silva Filho;;//
Pavel Beluh;;//
Pavel Khlopin;nyao;//
Pavel Martiš;PaliDN;//
Pavlo Slobodian;SlimyMe;//
Pawel Iwaszczuk;Shofixti;//
Paweł Szkyrpan;MalyDoTale;//
Peart;Climate change is real;//
Pedro Henrique Simões Alves;Arden Kahza;//
Pedro Piastrele;Ayen;//
Pedroichi ;;//
Pekka Taipale;peksterr;//
Penjami;;//
Pete White;;//
Peter Buje;LOLPATROL;//
Peter Dahl-Dichmann;Piet;//
Peter Lohde Hansen;Getter;//
Peter Ritter;;//
Peter Street;;//
Petr Kral;Telcharius;//
Phil Harmonie;DarkMatter;//
Phil Scopa;Shad³;//
Philip Condron;Philslaya;//
Philip George;Goetz von Berlichingen;//
Philip Wiles;Reacharound;//
Phill Engel;Unaroffe;//
Pierre Allard;;//
Pierre PEDRON;Piros;//
Pierre-Antoine Martin;Pam;//
Piotr Boczoń;peteloco;//
Piotr Kraciuk;Wierzba;//
Piotr Maciejczak;Enzoteles;//
Piotr Witek;Floki;//
Platon Palaiologos;;//
Pongsakorn Pinchai;Palm;//
Prasejednomalo;;//
Ptuh;;//
Putinforgod;;//
Pyrolux Aemilius;;//
QCFRNG;;//
quasi_stomach;;//
Quentin BUATHIER;Quentin01;//
Quinn Boulter;Mr. Bowling;//
Quinton Mansfield;;//
Qwasi;;//
R.Welsh;rxwx;//
Rabih Ghandour;;//
Rachel H Sanders;;//
Rafa Ramos;Samael of Tylmarande;//
Rafael Larios;;//
Rafał Świerczewski;Crouasg;//
Rage Soulkeeper;;//
Raman Yauseyeu;FlyingBarrel;//
Ramin Sedighha;Barrabas;//
Ramón Garrido;cehos;//
RandomCommoner;;//
Randy Graham;RagManX;//
Randy Moy;;//
Ranquiel;;//
Raphael "ravenbasix" Belin;;//
Raphaël Addor;;//
Rasmus Klette;;//
Ratanak Lun;;//
Ray R.;;//
Ray Steveson;;//
Razgon;;//
Razor001;;//
Redwine;;//
Redwolf;;//
Reese D;;//
René Santos de Aguiar;Valknut;//
Rían Howard;RíanCloud;//
Ricardo Acosta;The Bear;//
Richard Bullen;Pigbear;//
Richard Chu;;//
Richard Raghoo;;//
Rick Alonzo;;//
Rick de Water;Snaked;//
Rick Tongg;Tharanos;//
Ricochet Darkhawke;Rico;//
Rikinomiki;;//
Riley Gautz;FoxGautz;//
RJ Zamberlan;m007368;//
Rob 2.0;;//
Rob Lowe;Not the actor;//
Rob Meester;Rovarian;//
Rob Rafuse;;//
Robb Pryde;;//
Robert Baldino;;//
Robert Cantu;;//
Robert Coppage;Blasto;//
Robert Dunn;Fennles;//
Robert Hunt;;//
Robert Logie ;Sintax69;//
Robert Simms;;//
Robert Stanton;cmpsr2000;//
Robert Watson;Plank;//
Robin Gebauer;;//
Rodion Kadulin;Kaiafas Kain;//
Rodney Leary;threedeesix;//
Roger D Means;Rammur;//
Roger Yates;;//
Roger Zhou;;//
Roland Huschner;;//
Romain Pereira;RomanitoX;//
Roman Wildgrube;Vyator;//
Ronan Mellec;Billy;//
Ronnie Viklund;Rawnei;//
Ronny Scherwing;;//
Ronny, Chubby and Zara;;//
Rorschach;;//
Rory Ward ;EnemyEXistenZ;//
Ross;;//
Ross Griffiths;;//
Ross NElson;angrysand;//
RowanYote;;//
Roy Sonnega;SilencerNL;//
Royal;;//
Ruinous;;//
Ryan "Keokuk" Smith;;//
Ryan Anthony Hunt Burbridge;Dragongunblade55;//
Ryan Arvin;Hey Man;//
Ryan Brown;Credendo ;//
Ryan Burbridge;Dragongunblade55 ;//
Ryan Capote;Cirdan;//
Ryan Kent;;//
Ryan Kerigan;;//
Ryan Kirby;;//
Ryan Loeffers;;//
Ryan Maxwell Duncan;Blind_Ryan;//
Ryan Orlando;jsrco;//
Ryan Ozar;instnct;//
Ryan Sharp;;//
Ryan Valvatorez Stewart;Foxbytegamer;//
S J Jennings;Mossy Mole;//
S. I. Stanberry Drummond;;//
Saif Al Shahri;Zaifus;//
Salathiel RM;;//
Salman Hasan;Sal;//
Sam Amos;Jadedspark;//
Sam Dentith;DonnieLongnames;//
Samantha N.;;//
Samuel Bourassa;;//
Samuel C. Leu;;//
Samuli Pentti;VERITEKO;//
Sandor Tamassy;;//
Sara-Jane Raines ;;//
Sarah & Andrew Gordon;;//
Sarah Howard;Kino;//
Sartur;;//
Sascha Krupatz;Enf;//
Satheian;Satheian ;//
Schneider;AngerPorn;//
Schuyler Ashton;doesn't.remember.paying.for.this;//
Scot Drew;Koshkovich;//
Scott;Sushimeshi;//
Scott A Clark;;//
Scott Bennett;;//
Scott Blosser;;//
Scott Hewitt;;//
Scott M Johnston;Scotter74;//
Scott Twelves;;//
Scott Webster;;//
Sean Boyle;Woodsman;//
Sean Harris;Wraiths;//
Sean Tackaberry;;//
Sean Teixeira;Crobar;//
Searcy;;//
Sebastian Alex;;//
Sebastian Aragon;bastion797;//
Sebastián de Marcos;DebonairSeb;//
Sebastian Groß;Zehro;//
Sebastian Jäger;sinse;//
Sebastian Larsen Prehn;slp;//
Sebastian Lisiewski;Seblis;//
Sebastian Rosada;;//
Sebastian Zielinski;eSGie;//
Sebastien Benard;deepnight;//
Sébastien VENUAT;Toholl03;//
Seitam;COINCELPRO;//
seklay OwO;;//
Seldon Churchill;LittleFoot;//
Ser Shadak;;//
Sergejs Plotnikovs;Serdzy;//
Sergey Barysh;Recoil;//
Sergey Efimov;Sir Hedgehog;//
Sergey Klimenkov;GwynBlade;//
Sergey Polyakov;Altius;//
Sergi fernandez;Rayst;//
Serhiy Hrishchenko;Imp_with_a_sword;//
Seth Henriksen;TingleTuna;//
Shane Goodson;;//
Shane Hipwell;Ringa69;//
shane white;Shanesgaming;//
Shannon Potter;CIFilter;//
Shashi Mohan;;//
Shasta Cordell;Shastastic;//
Shawn Hastings;;//
Shawn Henderson;Tibble;//
Shawn Quint;;//
Shawn Wickwire;;//
Shay Palachy;The Frivolous Ferret;//
Shion Guha;;//
Shu Yamaoka;;//
Silvan Wendland;;//
Simon Athley;Sterlokk;//
Simon Hookham;Boognoss;//
Simon Lavrinšek;Shuujy;//
Simon Maddock;Smadds;//
Simone Boarolo;Khahil;//
Sirio Cilia;Spidersuit90;//
Skillsan;;//
skrysz;;//
SmashingBricks;I Love McDouble;//
snoopyj;;//
Soror Albert;Soror;//
Spark Shards;;//
SpiritsCatcher;;//
Spiro Karafotis;R.I.P.;//
Spook Lee;;//
Stants;;//
StardustSoul;Stardust;//
Steeven - Gataroth;;//
Stefan;Nase;//
Stefan Lange;Kampf_el_Zwerg;//
Stefan Oehmcke;;//
Stefan Schlichting;;//
Stefan Stubbe;stubbetje;//
Stefano Fanelli;Bjorn;//
Stefanos Patelis;netlich;//
StefanV;;//
Steffen Moebus;;//
Stephan Matiasch;;//
Stephan van Hengel;;//
STEPHANIE MEIER;;//
Stephanie Shinkle;;//
Stephen G.;Grizz;//
Stephen Glasener;Goiter;//
Stephen Henson;;//
Stephen McEniff;;//
Stephen Thomas Bayley;Quinn;//
Stephen Villot;;//
Stephen Wurz;nadcaptain;//
Ster;;//
Steve Bulla;Trollish;//
Steve Layton;shindakun;//
Steven Bakker;AE;//
Steven Bodnar;;//
Steven Davies;Scorpy;//
Steven Distefano;Widdershins;//
Steven Grobschmidt;;//
Steven Shepherd;Shep;//
Steven Vanderhoff;Bashama;//
Steven Welch;GingeInDenial;//
Stoph Johnson;;//
Storm Svendsen;Skuffe;//
StrangeCat;;//
Suaron;;//
subid99;;//
SugarPips;Pips;//
Sutherland;;//
Suture;;//
Sven A. Schäfer;;//
Sylvain Esteve;Meuhoua;//
Tadeusz Konarski;Sherlik;//
Taeyoon Kim;Coalcat;//
Tamás Kleiber;;//
Tamrick;Tam;//
Targaff;;//
Taylor Walders;Tavanesh;//
Ted Milker;;//
Tedjasukmana;Ossi;//
Tero Lahti;retrofreak666;//
Teun Aalbers;VaudChespeldt;//
Thadius Marcus;;//
Thanh Nguyen;Sonny;//
ThatGearsGuy;;//
The Syndicate;;//
The Weary Luddite;;//
Theo Mentzelopoulos;Teddy;//
Theodore Hopkins;Theodrian;//
TheOneManParty;;//
Thibault Nigaise;Kofer;//
Thomas Dankert;ThD;//
Thomas Darlington;;//
Thomas Fusser;Sserfu;//
Thomas Hahn;Kranodor;//
Thomas Hansen;WormInEye;//
Thomas Ira;Dear Theophilus;//
Thomas J. Lampoltshammer;Eyseman;//
Thomas Jansen;tingeltangeltom;//
Thomas Saboy;Brutus;//
Thomas Schlesier;;//
Thundermaul;;//
Tibor Repta;Smuphix;//
tid242;;//
Tiep Nguyen;Igu;//
Till Humbracht;Spon;//
Tim Clarke;;//
Tim Eschenbach;Pubbles;//
Tim Jordan;LordGek;//
Timmy Petersson;FishOfPain;//
Timo Bartholomes;exebob;//
Timo Bosma ;buntefuss;//
Timo Krahl;Ratboy;//
Timo Peltokangas;Lurkki;//
Timothy Duong;Ashbane;//
Timothy Flanagan;Mortal;//
Timur Tulin;Cap;//
TISSIER Alexandre;;//
TJ Cole;;//
Tobias Olofsson;Busmumrik;//
Tobias Roden;DewinterYageu;//
Tobias Schmidt;Saibotyr;//
Tobie Bonahoom;Inkycard;//
Toby M. Schreier;;//
Todd Bartholow;;//
tofulover3;;//
Tom & Sharon Hurst;Mirrorboy;//
Tom B.;PrinceBucket;//
Tom Jones;;//
Tom Mould;;//
Tom Webb;;//
Tomas Saez;Coloro;//
Tomasz Nowakowski;VedVid;//
Tomasz Obidziński;Izgram;//
Tomasz Ossowski;Tomz;//
Tomi Laaksonen;;//
Tommy;Sorentom;//
Tommy Bélanger;CuddleDonkey;//
Tommy Johansson;Theogony;//
Tommy Newcomer;Gromweld;//
Tommy P.;dmdm;//
Toni Galan;BaalHammon;//
Toni Kemppainen;;//
Tony ;UnluckyFunkyHero;//
Tony Lin;;//
Tony Martin;ElAntonius;//
Tonye Myers ;;//
Travis Connell;Travesty;//
Trent;;//
Trent Leporati;;//
Trevor Coward;;//
Trevor Greenlee;;//
Trevor Ramirez;Graham Cheshir;//
Trevor Scurr;Trevpb_101;//
Tristan Bertram;;//
Tristan Gates;;//
Troels Arnfeldt;;//
Troy Ryan Wood;;//
TsukasaIV;;//
Tuomas Kaarna;;//
Tuyen Q. Tran;Mr. T;//
Ty Mellish;Tie;//
Tyler Byers;Helk;//
Tyler Mattioli;ExplosiveSoda;//
Tyler Pape;Thejackle;//
Tyler Pham;Thedarkone1;//
Tyler Sassman;;//
Tyler Weston-Cormier ;The Fool;//
Tyler Wickline;;//
Tynan Wyllie;;//
Tyrone Reid;Khia;//
Umbra;;//
Vadim Ermyagin;afterthepostrock;//
Vahn Regaard;;//
Valentin Kolcov;Blackdragopl2;//
Valentin Roussel;Bigfoot;//
Valentin Vogel;FurryRage;//
Valerio De Rosa;Folkgarr;//
VeeKiraRay;;//
Veit Göritz;;//
Vereca;;//
Vereca;;//
Victor;Slick Vic;//
Vidrik Toom Tabas;;//
Vik Pauwels;;//
Vincent;Legrand;//
Vincent Landry;MrVinch;//
Vincent Pineault;FoxyMoron;//
Vinicius M.R. de Carvalho;;//
Vinícius Menezes;AnotherBrick;//
VipeNess;;//
Virgile;aka The Yamakasi Masta;//
Vitroc Cusmireg;;//
Vladimir Ergashev;;//
Vladimir Kryukov;Erlioniel;//
Vladimir Matveev;sectorm1985;//
Vladimír Šuvarina;Behemoth;//
VorpalKitsune;;//
Vytautas Bukauskas;Boomshaker;//
Walter Bayrock;;//
Wannes Dobbelaere;Sherzul;//
Wayne;Ctharo;//
Wei Tseng;;//
Weihan Liang;LordRex85;//
Werner Beytel;;//
Wes Oldenbeuving;Narnach;//
Westen Fry;;//
Will Rogers;;//
William Lima Jr;;//
William Coppess;Swardy27;//
William de Giuli;Zanaharibe;//
William Dockendorf;;//
William Freeman;;//
William Håkansson;Sixshotsavior;//
William Lima;;//
William Patterson;;//
William Teo;Eterna2;//
Wilson Zheng;;//
Wivix;;//
WKS&KLY&CaitlynWu;Kidconan;//
Wojciech Czarnecki;lejlot;//
Wojciech Górski;Nikodemsky;//
Wolfgang Könnyü;Cube_AUT;//
Woody McCoy;;//
WvH;Doc_Krieger86;//
Xavi P.;;//
xavi_32;;//
Xavier Robinson;;//
Yan Filchikov;Vavilon;//
Yanick Maltais;;//
Yann Bonnet;Tokra;//
Yannis Patras;Gullinbursti;//
Yaroslav Sklabinskyi;Honeybadger;//
Yasuhiro;uninewsun;//
Yifei Zhang;Kravechocolate;//
Yoan Bocquelet;Kazet;//
Yoshiyuki Nakano;;//
Young-Sun Kang;;//
Yunlong Huang;DracheK9;//
Yuriy Kabinetskiy;Inziladan;//
Zach Dalzell;;//
Zachary Herl;Malater;//
Zachary Orr;;//
Zaid;Cobalt;//
Zain Memon;Zainmemon;//
Zeb Berryman;Zatar;//
Zena Clark;Wholocked;//
Zeran Rennel;;//
Zuka;;//
Εμμανουήλ Πλεμμένος;Mastromanos;//
Александр Лазовский;Lexeas;//
Александр Петухов;MadAlexeZ;//
Дмитрий Хакимов;Lимон;//
Илья Карпов;Gaory;//
Никола Ћирић;;//
이다훈;;//
이진호(Jinho Lee);Dlje;//
布山真門;;//
;Archermage;//
;ReddestDream;//
;iKiok;//
;Locory;//
;Jarl;//
;JamesVagabond;//
;Shazzerim;//
;Zellotath;//
;Koc;//
;Calabacita rellena de amor;//
;Adoziel;//
;Mickles McPickles;//
;Bentaro;//
;mamieyannick;//
;Eoghammer;//
;2DB;//
;Mentiras;//
;mischievous dog;//
;Theurgist;//
;DrUlia;//
;Draesun;//
;Jooseong (Valmet);//
;JJ124;//
;Areous;//
;Tiedemann;//
;Revenem;//
;liz;//
;ABlackfyre;//
;Uobuzzz;//
;DarkestDung;//
;TrogvarZ GoN;//
;Scyxa;//
;AkaiWolf;//
;Secespitus;//
;GFi;//
;Ed Tivrusky;//
;Nurse! Nurse?;//
;Ashaen;//
;rybrad;//
;AZP;//
;Mad "Greymalkin" Blair;//
;Ubusunagami;//
;Wing;//
;Fudge;//
;Eijhu;//
;Hurston;//
;Jack_Corus;//
;Raoul Imolczek;//
;Vivisector 9999;//
;Wyktor97;//
;HeroicCat;//
;crazymutha;//
;Henny349;//
;Gatts;//
;Jimmy Fiasco;//
;Nick & Ting;//
;Trarman;//
;Qbawlo;//
;Valin;//
;Bisk William;//
;Ugore;//
;yngwi;//
;ScadyMusic;//
;Vorvek;//
;Eruzenjiru;//
;CharlieBob49;//
;Lollipop;//
;AzzerUK;//
;Dfox;//
;IRushWithDrones;//
;Hog8oy ;//
;goodforwhatailsyou;//
;MasterKELP;//
;derichard;//
;MemoryLeak;//
;Poko;//
;Mikazilla;//
;Neo & Sio;//
;acolyte_to_jippity;//
;Mawthra;//
;Willy "Sunset Hero" B.;//
;Skidas;//
;AbraPSI;//
;PortalToVoid;//
;SirCobalt;//
;Feldherren;//
;Framston;//
;Pierian;//
;moozaad;//
;Sourdust;//
;Chinloaf;//
;CottonCthulhu;//
;JT;//
;Xerath;//
;AngryMemon;//
;Yogurtking;//
;DaniAdventures;//
;Beviere;//
;usox;//
;Kh'hai;//
;Włóczykij;//
;Dallara;//
;Santac;//
;naguyin;//
;;//
;Zefirinsh;//
;Kek;//
;Shoebacca;//
;M.C.R.;//
;Lord Duck;//
;Magnerp;//
;Blackrovert;//
;Darth Butternutz;//
;Heff;//
;JohnTheSpok;//
;RoseRedGamer;//
;Stv;//
;Stromerking;//
;Mr.LeftThePrinny;//
;Timmah;//
;NuSuey;//
;Falrahch;//
;CooleRRSA;//
;Grecco S2 Ananda;//
;cAtiVeriO;//
;シド;//
;Seiromem;//
;Losekal;//
;DPY;//
;Quetzalma;//
;TheViking;//
;Tellik;//
;RudolfoPinewood;//
;Krratna;//
;PlayJunkie;//
;Crescendolor;//
;Mdk;//
;Enrico_Palazzo;//
;Antwan;//
;Bistion;//
;Maxamoose;//
;PureSushi;//
;Happybara;//
;Deep Fist;//
;Sharlit;//
;Halaster;//
;warfaced;//
;c0m;//
;Timothy "Vyse Dyne" Geary;//
;PureSpider;//
;Rashima Kerenmosa;//
;FelixTheUncle;//
;Utracjusz;//
;PhamTrinli;//
;netman.jp;//
;ManicPixieDreamRoomba;//
;Gamer Hudson;//
;Edardeld;//
;Vony256;//
;Hamiathes;//
;Salletan;//
;bugcaptor;//
;The Mysterious Backer X;//
;Aalthan;//
;Drison101;//
;Crokodavr;//
;Spyware86;//
;Unlimitfai;//
;Taadu;//
;Banidel;//
;Dude;//
;Hejki;//
;BGGansch;//
;fonetikli;//
;J3st3r;//
;Slashrofl;//
;Ihryk;//
;Elnilson;//
;Pabrat;//
;WerDei;//
;Pashanya;//
;kongkong;//
;Mefather;//
;Ozich;//
;Watcher;//
;Olympian;//
;Calic;//
;Akehir;//
;Yeggo Day;//
;Shalifire ;//
;Torsten015;//
;Loman Lawson;//
;Dradeel;//
;Plater;//
;Jone991;//
;Sheaf;//
;Zotme;//
;Xaverus;//
;nuky;//
;Bloody Master;//
;Stormsurfer;//
;Goldenwyrm;//
;Morseapple;//
;DarthSlay3r;//
;aprct;//
;reaperwood;//
;3illed;//
;Zhous;//
;Werda Kad;//
;Kripolaster;//
;slothjin;//
;Bofadese;//
;Hurricane Shweppes;//
;saohriso;//
;Slimu;//
;Shirotha;//
;mcdermos;//
;DETECTIVE BUCK WILLIS;//
;lloiser;//
;mad-lab;//
;(AS) Dagle ;//
;Zaolen;//
;Cats777 of Aersia;//
;Stikku;//
;Kirafishy;//
;WuIsCool;//
;Moose;//
;Yirkarja;//
;Ohunter;//
;Seeveen;//
;h2;//
;Lazastro;//
;Soulgant;//
;Skrekkugle;//
;Max B;//
;Brohun;//
;kumjiki;//
;Jabberwocks;//
;Solarhead;//
;Hubblenaut;//
;PlutoniumApe;//
;MaaTa;//
;Reluna;//
;PogoPuschel71;//
;Retcon Raider;//
;moenchone;//
;Ipslore;//
;LadyAth;//
;Frion;//
;Kuantan;//
;DimaRsl;//
;JetThrow;//
;Pixel Poet;//
;MDL780;//
;PalinRevno;//
;bananaturnip;//
;Lokomotivet;//
;Flipp the Bunny;//
;Caemyr;//
;Olowokandi;//
;DaPortlyJester;//
;Moon Forever;//
;LarcolTydol;//
;Squeeeeeeps;//
;Varront;//
;Goyf;//
;Clashtown;//
;MushyBrains;//
;Mazeter;//
;Gawcraft;//
;fenikshero;//
;platypope;//
;Absolutenobody;//
;Lazinism;//
;ChaosKilly;//
;Alm;//
;McBreezy;//
;Moosig;//
;Mordru;//
;IRWolver;//
;CIiffracer;//
;Cordinia;//
;Rottytops;//
;Simon_MD;//
;Very Melon;//
;multikiller;//
;Platinumblade;//
;VectorHex;//
;Crimsonwine;//
;Gabbek;//
;Randomaxomus;//
;ParadoxProphet;//
;guybar;//
;SoeldnerJack;//
;Kalltern;//
;MrFreakzorz;//
